2022-05-15;1;35660;6289.65;1;10;5;110;3;5;0;1;2;2;1;2;2;1;1;2;2;2;2;2;2;2;2;2;2;2;2;2;2;2;2;2;9;2;2
2022-05-15;1;35699;5887.62;1;10;3;110;1;2;0;1;3;3;1;2;2;2;2;2;2;2;2;2;2;2;2;2;2;2;2;2;2;2;2;2;9;2;1
2022-05-15;1;35704;7071.2;1;10;5;110;3;7;0;2;1;2;1;2;2;1;1;2;2;2;2;2;2;2;2;2;2;2;2;2;2;2;2;2;1;1;2
2022-05-15;1;35749;5216.52;1;10;5;110;2;4;0;2;3;1;1;2;2;2;1;2;2;2;2;2;2;2;2;2;2;2;2;2;2;2;2;2;1;1;1
2022-05-15;1;35750;5660.41;1;10;1;110;1;3;0;2;3;1;1;2;2;2;1;1;2;2;2;1;2;2;2;2;2;2;2;2;2;2;2;2;1;1;1
2022-05-15;1;35752;6462.08;1;10;5;110;1;3;0;2;4;2;1;2;2;2;1;1;1;2;2;2;2;2;2;2;2;1;1;2;2;2;2;2;1;1;1
2022-05-15;1;35757;6462.08;1;10;5;110;1;3;0;2;4;2;1;2;2;2;1;2;2;2;2;2;2;2;2;2;2;2;2;2;2;2;2;2;1;1;1
2022-05-15;1;35774;4955.62;1;10;4;110;1;3;0;2;5;1;1;2;2;3;1;2;2;1;1;2;2;2;2;2;2;2;2;2;2;2;2;2;1;1;1
2022-05-15;1;35775;5255.1;1;10;2;110;1;3;0;2;2;1;1;2;2;1;1;2;2;2;2;2;2;2;2;2;2;2;2;2;2;2;2;2;1;1;1
2022-05-15;1;35778;6304.15;1;10;1;110;1;2;0;1;2;2;1;2;2;1;1;2;2;2;2;2;2;2;2;2;2;2;2;2;2;2;2;2;2;1;1
2022-05-15;1;35779;6304.15;1;10;1;110;1;3;0;1;3;2;1;2;2;2;1;2;2;2;2;2;2;2;2;2;2;2;2;2;2;2;2;2;2;1;1
2022-05-15;1;35791;6042.55;1;10;2;110;1;3;0;1;2;2;1;2;2;1;2;2;2;2;2;2;2;2;2;2;2;2;2;2;2;2;2;2;2;1;1
2022-05-15;1;35792;5660.41;1;10;1;110;1;3;0;2;3;1;1;2;2;2;1;2;2;2;2;2;2;2;2;2;2;2;2;2;2;2;2;2;1;1;1
2022-05-15;1;35793;5034.78;1;10;1;110;1;3;0;1;1;1;1;2;2;1;1;2;2;2;2;2;2;2;2;2;2;2;2;2;2;2;2;2;2;1;1
2022-05-15;1;35796;9166.62;1;10;1;110;2;4;0;1;5;4;1;2;2;3;1;2;2;2;2;2;2;2;2;2;2;2;2;2;2;2;2;2;2;1;1
2022-05-15;1;35804;6649.0;1;10;3;110;2;4;0;2;4;2;1;2;2;2;2;1;1;1;1;2;2;2;2;2;2;2;2;2;2;2;1;2;1;1;1
2022-05-15;1;35813;6304.15;1;10;1;110;1;3;0;1;3;2;1;2;2;2;1;2;2;1;2;2;2;2;2;2;2;2;2;2;2;2;2;2;2;1;1
2022-05-15;1;35818;5647.38;1;10;5;110;3;5;0;2;1;1;1;2;2;1;1;2;2;2;2;2;2;2;2;2;2;2;2;2;2;2;2;2;1;1;2
2022-05-15;1;35821;5254.06;1;10;1;110;2;4;0;1;3;1;1;2;2;2;2;1;1;2;2;2;2;2;2;2;2;2;2;2;1;2;2;2;2;1;1
2022-05-15;1;35824;6508.58;1;10;1;110;1;3;0;1;4;2;1;2;2;2;2;1;1;2;2;2;2;2;2;1;2;2;2;1;2;2;2;2;4;1;1
2022-05-15;1;35826;6444.44;1;10;2;110;3;5;0;1;2;3;1;2;2;1;1;2;2;2;2;2;2;2;2;2;2;2;2;2;2;2;2;2;2;1;2
2022-05-15;1;35864;5647.38;1;10;5;110;3;5;0;2;4;1;1;2;2;2;1;1;1;1;1;2;2;2;2;2;2;2;2;2;2;2;1;2;1;1;2
2022-05-15;1;35875;6444.44;1;10;2;110;3;5;0;1;3;3;1;2;2;2;1;2;2;2;2;2;2;2;2;2;2;2;2;2;2;2;2;2;2;1;2
2022-05-15;1;35881;5034.78;1;10;1;110;1;3;0;1;2;1;1;2;2;1;1;2;2;2;2;2;2;2;2;2;2;2;2;2;2;2;2;2;2;1;1
2022-05-15;1;35888;6404.44;1;10;2;110;3;5;0;1;2;2;1;2;2;1;1;2;2;2;2;2;2;2;2;2;2;2;2;2;2;2;2;2;2;1;2
2022-05-15;1;35897;6411.88;1;10;1;110;2;4;0;1;2;3;1;2;2;1;1;2;2;2;2;2;2;2;2;2;2;2;2;2;2;2;2;2;2;1;1
2022-05-15;1;35900;6404.44;1;10;2;110;3;5;0;1;2;2;1;2;2;1;1;2;2;2;2;2;2;2;2;2;2;2;2;2;2;2;2;2;2;1;2
2022-05-15;1;35904;6372.08;1;10;1;110;2;4;0;1;2;2;1;2;2;1;1;2;2;2;2;2;2;2;2;2;2;2;2;2;2;2;2;2;4;1;1
2022-05-15;1;35905;6304.15;1;10;1;110;1;2;0;1;1;2;1;2;2;1;1;2;2;2;2;2;2;2;2;2;2;2;2;2;2;2;2;2;2;1;1
2022-05-15;1;35907;6372.08;1;10;1;110;2;4;0;1;2;2;1;2;2;1;1;2;2;2;2;2;2;2;2;2;2;2;2;2;2;2;2;2;4;1;1
2022-05-15;1;35910;6372.08;1;10;1;110;2;4;0;1;1;2;1;2;2;1;1;2;2;2;2;2;2;2;2;2;2;2;2;2;2;2;2;2;4;1;1
2022-05-15;1;35934;9166.62;1;10;1;110;2;4;0;1;3;4;1;2;2;2;1;2;2;2;2;2;2;2;2;2;2;2;2;2;2;2;2;2;2;1;1
2022-05-15;1;35946;5034.78;1;10;1;110;1;3;0;1;3;1;1;2;2;2;1;2;2;2;2;2;2;2;2;2;2;2;2;2;2;2;2;2;2;1;1
2022-05-15;1;35951;5143.41;1;10;3;110;2;4;0;2;2;1;1;2;2;1;1;2;2;2;2;2;2;2;2;2;2;2;2;2;2;2;2;2;1;1;1
2022-05-15;1;35958;5721.4;1;10;1;110;2;4;0;2;2;1;1;2;2;1;1;2;2;2;2;2;2;2;2;2;2;2;2;2;2;2;2;2;1;1;1
2022-05-15;1;35959;5915.82;1;10;2;110;2;4;0;1;2;2;1;2;2;1;1;2;2;2;2;2;2;2;2;2;2;2;2;2;2;2;2;2;4;1;1
2022-05-15;1;35961;5598.58;1;10;4;110;3;5;0;2;5;1;1;2;2;3;2;1;1;1;1;2;2;2;2;2;2;2;2;2;2;2;1;2;1;1;2
2022-05-15;1;35970;5647.38;1;10;5;110;3;5;0;2;3;1;1;2;2;2;1;2;2;2;2;2;2;2;2;2;2;2;2;2;2;2;2;2;1;1;2
2022-05-15;1;35973;5422.74;1;10;4;110;3;5;0;2;3;1;1;2;2;2;1;2;2;2;2;2;2;2;2;2;2;2;2;2;2;2;2;2;1;1;2
2022-05-15;1;35977;5509.37;1;10;1;110;3;6;0;1;1;1;1;2;2;1;1;2;2;2;2;2;2;2;2;2;2;2;2;2;2;2;2;2;2;1;2
2022-05-15;1;35981;5114.88;1;10;2;110;3;5;0;1;4;1;1;2;2;2;1;1;1;1;1;2;2;2;2;2;2;2;2;2;2;1;2;2;2;1;2
2022-05-15;1;35985;5830.51;1;10;5;110;3;5;0;2;5;1;1;2;2;3;2;1;1;1;1;2;2;2;2;2;1;2;2;2;1;2;2;2;1;1;2
2022-05-15;1;35998;6372.08;1;10;1;110;2;4;0;1;2;2;1;2;2;1;1;2;2;2;2;2;2;2;2;2;2;2;2;2;2;2;2;2;2;1;1
2022-05-15;1;36003;5422.74;1;10;4;110;3;6;0;2;4;1;1;2;2;2;1;2;2;2;2;2;2;2;2;2;2;2;2;2;2;2;2;2;1;1;2
2022-05-15;1;36005;5216.52;1;10;5;110;2;4;0;2;5;1;1;2;2;3;1;1;1;1;1;2;2;2;2;2;2;1;2;2;2;2;2;2;1;1;1
2022-05-15;1;36010;5311.73;1;10;2;110;2;4;0;2;1;1;1;2;2;1;1;2;2;2;2;2;2;2;2;2;2;2;2;2;2;2;2;2;1;1;1
2022-05-15;1;36012;5830.51;1;10;5;110;3;5;0;2;1;1;1;2;2;1;2;2;2;2;2;2;2;2;2;2;2;2;2;2;2;2;2;2;1;1;2
2022-05-15;1;36015;5186.09;1;10;5;110;3;5;0;1;4;1;1;2;2;2;2;2;2;1;1;2;2;2;2;2;2;2;2;2;2;2;2;2;4;1;2
2022-05-15;1;36020;5647.38;1;10;5;110;3;5;0;2;4;1;1;2;2;2;1;1;1;1;2;2;2;2;2;2;1;2;2;2;2;2;2;2;1;1;2
2022-05-15;1;36022;4526.16;1;10;3;110;1;3;0;1;1;1;1;2;2;1;1;2;2;2;2;2;2;2;2;2;2;2;2;2;2;2;2;2;4;1;1
2022-05-15;1;36032;6289.65;1;10;5;110;3;5;0;1;2;2;1;2;2;1;1;2;2;2;2;2;2;2;2;2;2;2;2;2;2;2;2;2;9;1;2
2022-05-15;1;330096;9341.44;1;10;5;110;3;5;0;1;4;4;1;2;2;2;2;1;1;1;2;2;2;2;2;2;1;2;2;2;2;2;2;2;4;1;2
2022-05-15;1;330177;4590.5;1;10;5;110;1;3;0;1;3;1;1;2;2;2;1;1;1;2;1;2;2;2;2;2;2;2;1;2;2;2;2;1;2;1;1
2022-05-15;1;330254;5952.77;1;10;2;110;2;4;0;1;1;3;1;2;2;1;1;2;2;2;2;2;2;2;2;2;2;2;2;2;2;2;2;2;4;1;1
2022-05-15;1;330257;5509.37;1;10;1;110;3;5;0;1;4;1;1;2;2;2;1;2;2;1;1;2;2;2;2;2;2;2;2;2;2;2;2;2;2;1;2
2022-05-15;1;330260;7122.08;1;10;1;110;3;5;0;1;3;2;1;2;2;2;2;1;1;2;2;2;2;2;2;2;2;1;2;2;2;2;2;2;2;1;2
2022-05-15;1;330265;7071.2;1;10;5;110;3;5;0;2;3;2;1;2;2;2;1;2;2;1;1;2;2;2;2;2;2;2;2;2;2;2;2;2;1;1;2
2022-05-15;1;330289;5143.41;1;10;3;110;2;4;0;2;1;1;1;2;2;1;1;2;2;2;2;2;2;2;2;2;2;2;2;2;2;2;2;2;1;1;1
2022-05-15;1;330304;6508.58;1;10;1;110;1;3;0;1;3;2;1;2;2;2;2;1;1;2;2;2;2;2;2;2;1;2;2;2;2;2;2;2;4;1;1
2022-05-15;1;330308;6411.88;1;10;1;110;2;4;0;1;4;3;1;2;2;2;1;2;2;1;1;2;2;2;2;2;2;2;2;2;2;2;2;2;2;1;1
2022-05-15;1;330323;6201.5;1;10;3;110;3;5;0;1;3;2;1;2;2;2;1;2;2;2;2;2;2;2;2;2;2;2;2;2;2;2;2;2;4;1;2
2022-05-15;1;330330;5647.38;1;10;5;110;3;5;0;2;7;1;1;2;2;3;1;2;2;1;1;2;2;2;2;2;2;2;2;2;2;2;2;2;1;1;2
2022-05-15;1;330333;6304.15;1;10;1;110;1;3;0;1;4;2;1;2;2;2;1;1;1;1;1;2;2;2;2;2;2;1;2;2;2;2;2;2;4;1;1
2022-05-15;1;330339;6578.71;1;10;1;110;2;4;0;1;4;2;1;2;2;2;2;1;1;2;2;2;2;2;2;2;1;2;2;2;2;1;2;2;2;1;1
2022-05-15;1;330370;7071.2;1;10;5;110;3;6;0;2;1;2;1;2;2;1;1;2;2;2;2;2;2;2;2;2;2;2;2;2;2;2;2;2;1;1;2
2022-05-15;1;330373;5198.05;1;10;1;110;1;3;0;1;2;1;1;2;2;1;2;2;2;2;2;2;2;2;2;2;2;2;2;2;2;2;2;2;4;1;1
2022-05-15;1;330376;5216.52;1;10;5;110;2;4;0;2;7;1;1;2;2;3;1;1;1;1;2;2;2;2;2;2;2;2;2;2;1;1;2;2;1;1;1
2022-05-15;1;330380;5009.01;1;10;4;110;2;4;0;2;3;1;1;2;2;2;1;2;2;2;2;2;2;2;2;2;2;2;2;2;2;2;2;2;1;1;1
2022-05-15;1;330384;4979.79;1;10;4;110;3;5;0;1;5;1;1;2;2;3;2;1;1;2;1;2;2;2;2;2;1;2;2;2;2;2;2;1;9;1;2
2022-05-15;1;330395;5647.38;1;10;5;110;3;5;0;2;2;1;1;2;2;1;1;2;2;2;2;2;2;2;2;2;2;2;2;2;2;2;2;2;1;1;2
2022-05-15;1;330420;6789.91;1;10;4;110;3;5;0;2;2;2;1;2;2;1;1;2;2;2;2;2;2;2;2;2;2;2;2;2;2;2;2;2;1;1;2
2022-05-15;1;330428;4823.38;1;10;4;110;3;6;0;1;2;1;1;2;2;1;1;2;2;2;2;2;2;2;2;2;2;2;2;2;2;2;2;2;2;1;2
2022-05-15;1;330436;4823.38;1;10;4;110;3;5;0;1;2;1;1;2;2;1;1;2;2;2;2;2;2;2;2;2;2;2;2;2;2;2;2;2;9;1;2
2022-05-15;1;330439;6493.6;1;10;5;110;3;5;0;1;5;2;1;2;2;3;2;1;2;1;1;1;2;2;1;2;2;2;2;2;2;2;2;2;9;1;2
2022-05-15;1;330445;5568.23;1;10;3;110;3;5;0;2;3;1;1;2;2;2;1;2;2;2;2;2;2;2;2;2;2;2;2;2;2;2;2;2;1;1;2
2022-05-15;1;330455;6343.53;1;10;1;110;1;2;0;1;2;3;1;2;2;1;1;2;2;2;2;2;2;2;2;2;2;2;2;2;2;2;2;2;4;1;1
2022-05-15;1;330476;5023.2;1;10;5;110;3;5;0;1;2;1;1;2;2;1;1;2;2;2;2;2;2;2;2;2;2;2;2;2;2;2;2;2;2;1;2
2022-05-15;1;330480;5647.38;1;10;5;110;3;5;0;2;3;1;1;2;2;2;1;2;2;2;2;2;2;2;2;2;2;2;2;2;2;2;2;2;1;1;2
2022-05-15;1;330488;4952.8;1;10;3;110;3;6;0;1;3;1;1;2;2;2;1;2;2;1;1;2;2;2;2;2;2;2;2;2;2;2;2;2;4;1;2
2022-05-15;1;330492;5186.09;1;10;5;110;3;5;0;1;7;1;1;2;2;3;2;1;1;2;1;2;2;2;2;2;2;2;1;2;1;2;1;1;9;1;2
2022-05-15;1;330510;8688.12;1;10;4;110;3;5;0;1;5;4;1;2;2;3;1;1;1;1;1;2;2;2;2;2;2;2;2;2;2;1;2;2;2;1;2
2022-05-15;1;330524;6289.65;1;10;5;110;3;6;0;1;3;2;1;2;2;2;1;2;2;2;2;2;2;2;2;2;2;2;2;2;2;2;2;2;2;1;2
2022-05-15;1;330532;4952.8;1;10;3;110;3;6;0;1;2;1;1;2;2;1;1;2;2;2;2;2;2;2;2;2;2;2;2;2;2;2;2;2;2;1;2
2022-05-15;1;330537;5598.58;1;10;4;110;3;7;0;2;3;1;1;2;2;2;2;2;2;2;2;2;2;2;2;2;2;2;2;2;2;2;2;2;1;1;2
2022-05-15;1;330556;6289.65;1;10;5;110;3;5;0;1;4;2;1;2;2;2;1;2;2;1;1;2;2;2;2;2;2;2;2;2;2;2;2;2;9;1;2
2022-05-15;1;330577;5198.05;1;10;1;110;1;3;0;1;2;1;1;2;2;1;2;2;2;2;2;2;2;2;2;2;2;2;2;2;2;2;2;2;2;1;1
2022-05-15;1;330585;5647.38;1;10;5;110;3;5;0;2;5;1;1;2;2;3;1;2;2;2;2;2;2;2;2;2;2;2;2;2;2;2;2;2;1;1;2
2022-05-15;1;330601;4599.86;1;10;4;110;2;4;0;1;1;1;1;2;2;1;2;2;2;2;2;2;2;2;2;2;2;2;2;2;2;2;2;2;4;1;1
2022-05-15;1;330616;5422.74;1;10;4;110;3;5;0;2;1;1;1;2;2;1;1;2;2;2;2;2;2;2;2;2;2;2;2;2;2;2;2;2;1;1;2
2022-05-15;1;330620;6304.15;1;10;1;110;1;3;0;1;3;2;1;2;2;2;1;1;1;2;2;2;2;2;2;2;2;2;2;1;2;2;2;2;2;1;1
2022-05-15;1;330625;6531.71;1;10;5;110;2;4;0;2;5;2;1;2;2;3;1;1;1;1;1;2;2;2;2;1;2;2;2;2;2;2;2;2;1;1;1
2022-05-15;1;330643;5113.41;1;10;3;110;3;5;0;1;6;1;1;2;2;3;2;1;1;1;1;2;2;2;2;2;2;2;1;2;2;1;2;2;9;1;2
2022-05-15;1;330654;5915.82;1;10;2;110;2;4;0;1;2;2;1;2;2;1;1;2;2;2;2;2;2;2;2;2;2;2;2;2;2;2;2;2;2;1;1
2022-05-15;1;330676;5750.45;1;10;2;110;3;5;0;2;3;1;1;2;2;2;1;1;1;2;2;2;2;2;2;2;2;2;2;2;2;1;2;2;1;1;2
2022-05-15;1;330694;6289.65;1;10;5;110;3;5;0;1;2;2;1;2;2;1;1;2;2;2;2;2;2;2;2;2;2;2;2;2;2;2;2;2;4;1;2
2022-05-15;1;330710;6580.02;1;10;2;110;1;3;0;2;3;2;1;2;2;2;1;2;2;1;1;2;2;2;2;2;2;2;2;2;2;2;2;2;1;1;1
2022-05-15;1;330726;6411.88;1;10;1;110;2;4;0;1;4;3;1;2;2;2;1;1;1;2;2;2;2;2;2;2;2;2;2;2;2;2;1;2;2;1;1
2022-05-15;1;330768;5728.36;1;10;3;110;2;4;0;1;4;2;1;2;2;2;1;2;2;1;1;2;2;2;2;2;2;2;2;2;2;2;2;2;2;1;1
2022-05-15;1;330773;6039.45;1;10;4;110;3;5;0;1;2;2;1;2;2;1;1;2;2;2;2;2;2;2;2;2;2;2;2;2;2;2;2;2;2;1;2
2022-05-15;1;330781;5747.85;1;10;5;110;1;3;0;1;3;2;1;2;2;2;1;2;2;2;2;2;2;2;2;2;2;2;2;2;2;2;2;2;2;1;1
2022-05-15;1;330788;5171.44;1;10;4;110;2;4;0;2;5;1;1;2;2;3;2;1;1;2;2;2;2;2;2;2;1;2;2;1;1;2;2;2;1;1;1
2022-05-15;1;330807;5914.12;1;10;3;110;2;4;0;1;4;2;1;2;2;2;2;1;1;1;1;2;2;2;2;2;2;2;2;1;2;2;2;2;4;1;1
2022-05-15;1;330844;6039.45;1;10;4;110;3;5;0;1;2;2;1;2;2;1;1;2;2;2;2;2;2;2;2;2;2;2;2;2;2;2;2;2;4;1;2
2022-05-15;1;330851;6402.6;1;10;3;110;3;5;0;1;3;2;1;2;2;2;2;1;1;2;2;2;2;2;2;2;2;2;2;1;2;2;2;2;4;1;2
2022-05-15;1;330853;5647.38;1;10;5;110;3;5;0;2;3;1;1;2;2;2;1;2;2;1;1;2;2;2;2;2;2;2;2;2;2;2;2;2;1;1;2
2022-05-15;1;330894;6493.6;1;10;5;110;3;5;0;1;4;2;1;2;2;2;2;1;1;2;2;2;2;1;2;2;2;2;2;2;1;2;2;2;4;1;2
2022-05-15;1;330913;5852.76;1;10;2;110;1;3;0;1;3;2;1;2;2;2;1;2;2;2;2;2;2;2;2;2;2;2;2;2;2;2;2;2;2;1;1
2022-05-15;1;330926;5750.45;1;10;2;110;3;5;0;2;1;1;1;2;2;1;1;2;2;2;2;2;2;2;2;2;2;2;2;2;2;2;2;2;1;1;2
2022-05-15;1;330936;5422.74;1;10;4;110;3;5;0;2;7;1;1;2;2;3;1;1;1;1;1;2;2;2;2;2;2;2;2;2;2;2;1;2;1;1;2
2022-05-15;1;330955;5647.38;1;10;5;110;3;6;0;2;2;1;1;2;2;1;1;2;2;2;2;2;2;2;2;2;2;2;2;2;2;2;2;2;1;1;2
2022-05-15;1;330963;6304.15;1;10;1;110;1;3;0;1;1;2;1;2;2;1;1;2;2;2;2;2;2;2;2;2;2;2;2;2;2;2;2;2;4;1;1
2022-05-15;1;330993;4823.38;1;10;4;110;3;5;0;1;4;1;1;2;2;2;1;2;2;2;2;2;2;2;2;2;2;2;2;2;2;2;2;2;4;1;2
2022-05-15;1;331003;6789.91;1;10;4;110;3;5;0;2;1;2;1;2;2;1;1;2;2;2;2;2;2;2;2;2;2;2;2;2;2;2;2;2;1;1;2
2022-05-15;1;331023;5748.8;1;10;3;110;3;5;0;2;2;1;1;2;2;1;2;2;2;2;2;2;2;2;2;2;2;2;2;2;2;2;2;2;1;1;2
2022-05-15;1;331037;5915.82;1;10;2;110;2;4;0;1;3;2;1;2;2;2;1;2;2;2;2;2;2;2;2;2;2;2;2;2;2;2;2;2;2;1;1
2022-05-15;1;331046;5915.82;1;10;2;110;2;4;0;1;4;2;1;2;2;2;1;1;1;2;2;2;2;2;2;2;2;2;2;2;1;2;1;2;2;1;1
2022-05-15;1;331092;4526.16;1;10;3;110;1;3;0;1;1;1;1;2;2;1;1;2;2;2;2;2;2;2;2;2;2;2;2;2;2;2;2;2;2;1;1
2022-05-15;1;331109;5783.75;1;10;5;110;1;3;0;1;3;3;1;2;2;2;1;2;2;2;2;2;2;2;2;2;2;2;2;2;2;2;2;2;9;1;1
2022-05-15;1;331116;5568.23;1;10;3;110;3;5;0;2;3;1;1;2;2;2;1;2;2;2;2;2;2;2;2;2;2;2;2;2;2;2;2;2;1;1;2
2022-05-15;1;331140;5688.02;1;10;1;110;3;5;0;1;4;1;1;2;2;2;2;1;1;2;2;2;2;2;2;1;1;2;1;2;2;2;2;2;2;1;2
2022-05-15;1;331159;5023.2;1;10;5;110;3;5;0;1;1;1;1;2;2;1;1;2;2;2;2;2;2;2;2;2;2;2;2;2;2;2;2;2;4;1;2
2022-05-15;1;331199;6372.08;1;10;1;110;2;4;0;1;3;2;1;2;2;2;1;1;1;2;2;2;2;2;2;2;2;2;2;2;2;2;1;2;2;1;1
2022-05-15;1;331208;5809.78;1;10;5;110;2;4;0;1;4;2;1;2;2;2;1;2;2;1;1;2;2;2;2;2;2;2;2;2;2;2;2;2;9;1;1
2022-05-15;1;331245;4723.28;1;10;3;110;2;4;0;1;3;1;1;2;2;2;2;1;1;1;1;2;2;2;2;2;2;2;2;2;2;2;1;2;9;1;1
2022-05-15;1;331252;6789.91;1;10;4;110;3;5;0;2;1;2;1;2;2;1;1;2;2;2;2;2;2;2;2;2;2;2;2;2;2;2;2;2;1;1;2
2022-05-15;1;331262;4979.79;1;10;4;110;3;5;0;1;4;1;1;2;2;2;2;1;1;2;2;2;2;2;2;2;1;2;2;1;2;2;2;2;4;1;2
2022-05-15;1;331275;5009.01;1;10;4;110;2;4;0;2;2;1;1;2;2;1;1;2;2;2;2;2;2;2;2;2;2;2;2;2;2;2;2;2;1;1;1
2022-05-15;1;331315;5198.05;1;10;1;110;1;3;0;1;2;1;1;2;2;1;2;2;2;2;2;2;2;2;2;2;2;2;2;2;2;2;2;2;4;1;1
2022-05-15;1;331323;6039.45;1;10;4;110;3;5;0;1;2;2;1;2;2;1;1;2;2;2;2;2;2;2;2;2;2;2;2;2;2;2;2;2;2;1;2
2022-05-15;1;331329;6493.6;1;10;5;110;3;5;0;1;3;2;1;2;2;2;2;2;2;1;1;2;2;2;2;2;2;2;2;2;2;2;2;2;4;1;2
2022-05-15;1;331354;6789.91;1;10;4;110;3;5;0;2;2;2;1;2;2;1;1;2;2;2;2;2;2;2;2;2;2;2;2;2;2;2;2;2;1;1;2
2022-05-15;1;331373;4823.38;1;10;4;110;3;5;0;1;4;1;1;2;2;2;1;2;2;2;2;2;2;2;2;2;2;2;2;2;2;2;2;2;9;1;2
2022-05-15;1;331407;5578.68;1;10;4;110;2;4;0;1;3;2;1;2;2;2;1;2;2;2;2;2;2;2;2;2;2;2;2;2;2;2;2;2;9;2;1
2022-05-15;1;331422;5889.31;1;10;2;110;1;3;0;1;2;3;1;2;2;1;1;2;2;2;2;2;2;2;2;2;2;2;2;2;2;2;2;2;2;1;1
2022-05-15;1;331438;4823.38;1;10;4;110;3;5;0;1;4;1;1;2;2;2;1;1;1;2;1;2;2;2;2;2;2;2;2;2;1;2;2;1;4;1;2
2022-05-15;1;331447;5023.2;1;10;5;110;3;5;0;1;1;1;1;2;2;1;1;2;2;2;2;2;2;2;2;2;2;2;2;2;2;2;2;2;2;1;2
2022-05-15;1;331459;5198.05;1;10;1;110;1;2;0;1;2;1;1;2;2;1;2;2;2;2;2;2;2;2;2;2;2;2;2;2;2;2;2;2;2;1;1
2022-05-15;1;331464;5089.03;1;10;1;110;2;4;0;1;3;1;1;2;2;2;1;2;2;1;1;2;2;2;2;2;2;2;2;2;2;2;2;2;2;1;1
2022-05-15;1;331466;5971.31;1;10;5;110;1;3;0;1;2;3;1;2;2;1;2;2;2;2;2;2;2;2;2;2;2;2;2;2;2;2;2;2;2;1;1
2022-05-15;1;331479;5759.58;1;10;4;110;2;4;0;1;4;2;1;2;2;2;2;1;1;2;2;2;2;1;2;2;2;2;1;2;2;2;2;2;4;1;1
2022-05-15;1;331498;5809.78;1;10;5;110;2;4;0;1;3;2;1;2;2;2;1;2;2;2;2;2;2;2;2;2;2;2;2;2;2;2;2;2;9;1;1
2022-05-15;1;331516;4723.28;1;10;3;110;2;4;0;1;5;1;1;2;2;3;2;1;1;1;1;2;2;2;2;2;1;2;2;2;1;2;2;2;9;1;1
2022-05-15;1;331520;5422.74;1;10;4;110;3;7;0;2;1;1;1;2;2;1;1;2;2;2;2;2;2;2;2;2;2;2;2;2;2;2;2;2;1;1;2
2022-05-15;1;331523;6832.33;1;10;4;110;3;5;0;2;4;3;1;2;2;2;1;1;1;1;1;2;2;2;2;2;2;2;2;2;1;2;2;2;1;1;2
2022-05-15;1;331527;6444.44;1;10;2;110;3;5;0;1;4;3;1;2;2;2;1;2;2;1;1;2;2;2;2;2;2;2;2;2;2;2;2;2;2;1;2
2022-05-15;1;331549;4877.85;1;10;2;110;2;4;0;1;4;1;1;2;2;2;2;1;1;2;2;2;2;1;2;2;2;1;2;2;2;2;2;2;9;1;1
2022-05-15;1;331558;5311.73;1;10;2;110;2;4;0;2;1;1;1;2;2;1;1;2;2;2;2;2;2;2;2;2;2;2;2;2;2;2;2;2;1;1;1
2022-05-15;1;331568;5034.78;1;10;1;110;1;3;0;1;1;1;1;2;2;1;1;2;2;2;2;2;2;2;2;2;2;2;2;2;2;2;2;2;4;1;1
2022-05-15;1;331578;7071.2;1;10;5;110;3;5;0;2;3;2;1;2;2;2;1;2;2;2;2;2;2;2;2;2;2;2;2;2;2;2;2;2;1;1;2
2022-05-15;1;331589;5951.06;1;10;3;110;2;4;0;1;5;3;1;2;2;3;2;1;1;1;1;2;2;2;2;2;2;1;2;2;2;2;1;2;4;1;1
2022-05-15;1;331598;5422.74;1;10;4;110;3;5;0;2;1;1;1;2;2;1;1;2;2;2;2;2;2;2;2;2;2;2;2;2;2;2;2;2;1;1;2
2022-05-15;1;331609;4723.28;1;10;3;110;2;4;0;1;1;1;1;2;2;1;2;2;2;2;2;2;2;2;2;2;2;2;2;2;2;2;2;2;9;1;1
2022-05-15;1;331616;4574.93;1;10;3;110;2;4;0;1;1;1;1;2;2;1;1;2;2;2;2;2;2;2;2;2;2;2;2;2;2;2;2;2;2;1;1
2022-05-15;1;331625;5647.38;1;10;5;110;3;5;0;2;4;1;1;2;2;2;1;1;1;2;1;2;2;2;2;2;2;2;2;2;2;1;2;1;1;1;2
2022-05-15;1;331637;4455.39;1;10;4;110;2;4;0;1;4;1;1;2;2;2;1;1;1;2;2;2;2;2;2;2;2;2;1;2;1;2;2;2;2;1;1
2022-05-15;1;331657;5509.37;1;10;1;110;3;6;0;1;4;1;1;2;2;2;1;2;2;2;2;2;2;2;2;2;2;2;2;2;2;2;2;2;4;1;2
2022-05-15;1;331677;5809.78;1;10;5;110;2;4;0;1;3;2;1;2;2;2;1;1;1;2;2;2;2;2;2;2;2;2;2;1;2;2;2;2;9;1;1
2022-05-15;1;331712;6039.45;1;10;4;110;3;5;0;1;3;2;1;2;2;2;1;2;2;2;2;2;2;2;2;2;2;2;2;2;2;2;2;2;4;1;2
2022-05-15;1;331721;6898.39;1;10;1;110;3;5;0;1;3;2;1;2;2;2;1;1;2;2;1;2;2;2;2;2;2;2;2;2;2;2;2;1;2;1;2
2022-05-15;1;331742;4599.86;1;10;4;110;2;4;0;1;4;1;1;2;2;2;2;1;1;2;2;2;2;1;2;2;1;2;2;2;2;2;2;2;4;1;1
2022-05-15;1;331792;5747.85;1;10;5;110;1;3;0;1;3;2;1;2;2;2;1;1;1;2;2;2;2;2;2;1;2;2;2;2;2;2;2;2;2;1;1
2022-05-15;1;331803;6077.18;1;10;4;110;3;6;0;1;5;3;1;2;2;3;1;2;2;2;2;2;2;2;2;2;2;2;2;2;2;2;2;2;9;1;2
2022-05-15;1;331820;6304.15;1;10;1;110;1;3;0;1;4;2;1;2;2;2;1;1;1;2;2;2;2;2;2;1;2;2;2;1;2;2;2;2;2;1;1
2022-05-15;1;331855;5034.78;1;10;1;110;1;3;0;1;3;1;1;2;2;2;1;1;1;2;2;2;2;2;2;2;2;2;2;2;1;2;2;2;4;1;1
2022-05-15;1;331871;6077.18;1;10;4;110;3;7;0;1;2;3;1;2;2;1;1;2;2;1;1;2;2;2;2;2;2;2;2;2;2;2;2;2;9;1;2
2022-05-15;1;331885;4639.96;1;10;5;110;2;4;0;1;3;1;1;2;2;2;1;2;2;1;1;2;2;2;2;2;2;2;2;2;2;2;2;2;2;1;1
2022-05-15;1;331889;4823.38;1;10;4;110;3;6;0;1;1;1;1;2;2;1;1;2;2;2;2;2;2;2;2;2;2;2;2;2;2;2;2;2;9;1;2
2022-05-15;1;331890;6107.66;1;10;2;110;2;4;0;1;4;2;1;2;2;2;2;1;1;2;2;2;2;1;2;2;2;2;2;1;2;2;2;2;2;1;1
2022-05-15;1;331910;5216.52;1;10;5;110;2;4;0;2;1;1;1;2;2;1;1;2;2;2;2;2;2;2;2;2;2;2;2;2;2;2;2;2;1;1;1
2022-05-15;1;331911;6372.08;1;10;1;110;2;4;0;1;4;2;1;2;2;2;1;2;2;1;1;2;2;2;2;2;2;2;2;2;2;2;2;2;2;1;1
2022-05-15;1;331969;6328.93;1;10;5;110;3;5;0;1;6;3;1;2;2;3;1;1;2;1;2;2;2;2;1;2;2;2;2;2;2;2;2;2;4;1;2
2022-05-15;1;331980;5034.78;1;10;1;110;1;3;0;1;1;1;1;2;2;1;1;2;2;2;2;2;2;2;2;2;2;2;2;2;2;2;2;2;2;1;1
2022-05-15;1;331998;6201.5;1;10;3;110;3;5;0;1;7;2;1;2;2;3;1;1;1;2;2;2;2;2;2;2;2;2;2;1;2;1;2;2;9;1;2
2022-05-15;1;332025;6372.08;1;10;1;110;2;4;0;1;2;2;1;2;2;1;1;2;2;2;2;2;2;2;2;2;2;2;2;2;2;2;2;2;2;1;1
2022-05-15;1;332079;5254.06;1;10;1;110;2;4;0;1;2;1;1;2;2;1;2;2;2;2;2;2;2;2;2;2;2;2;2;2;2;2;2;2;2;1;1
2022-05-15;1;332105;6201.5;1;10;3;110;3;5;0;1;6;2;1;2;2;3;1;2;2;1;1;2;2;2;2;2;2;2;2;2;2;2;2;2;2;1;2
2022-05-15;1;332107;4407.89;1;10;4;110;1;3;0;1;1;1;1;2;2;1;1;2;2;2;2;2;2;2;2;2;2;2;2;2;2;2;2;2;2;1;1
2022-05-15;1;332113;5509.37;1;10;1;110;3;5;0;1;5;1;1;2;2;3;1;1;2;1;1;2;2;2;2;2;2;2;2;2;2;2;2;1;2;1;2
2022-05-15;1;332119;8268.63;1;10;5;110;1;3;0;1;5;4;1;2;2;3;1;1;1;1;1;2;2;2;2;2;2;2;2;1;2;2;1;2;2;1;1
2022-05-15;1;332158;6201.5;1;10;3;110;3;5;0;1;7;2;1;2;2;3;1;2;2;1;1;2;2;2;2;2;2;2;2;2;2;2;2;2;9;14;2
2022-05-15;1;332164;6372.08;1;10;1;110;2;4;0;1;2;2;1;2;2;1;1;2;2;2;2;2;2;2;2;2;2;2;2;2;2;2;2;2;2;1;1
2022-05-15;1;332165;7122.08;1;10;1;110;3;7;0;1;3;2;1;2;2;2;2;1;1;2;2;2;2;2;2;2;2;2;1;2;2;2;2;2;2;1;2
2022-05-15;1;332180;5998.18;1;10;5;110;2;4;0;1;5;2;1;2;2;3;2;1;1;2;1;2;2;1;2;2;2;2;2;1;2;2;2;1;2;1;1
2022-05-15;1;332186;5613.52;1;10;4;110;2;4;0;1;5;3;1;2;2;3;1;1;1;2;1;2;2;2;2;2;2;2;2;2;1;2;2;1;4;1;1
2022-05-15;1;332211;6304.15;1;10;1;110;1;3;0;1;3;2;1;2;2;2;1;2;2;2;2;2;2;2;2;2;2;2;2;2;2;2;2;2;4;1;1
2022-05-15;1;332217;4639.96;1;10;5;110;2;4;0;1;2;1;1;2;2;1;1;2;2;2;2;2;2;2;2;2;2;2;2;2;2;2;2;2;2;1;1
2022-05-15;1;332250;4823.38;1;10;4;110;3;5;0;1;4;1;1;2;2;2;1;1;1;1;1;2;2;2;2;2;2;2;2;1;2;2;2;2;9;1;2
2022-05-15;1;332252;5089.03;1;10;1;110;2;4;0;1;1;1;1;2;2;1;1;2;2;2;2;2;2;2;2;2;2;2;2;2;2;2;2;2;2;1;1
2022-05-15;1;332261;6289.65;1;10;5;110;3;5;0;1;4;2;1;2;2;2;1;2;2;1;1;2;2;2;2;2;2;2;2;2;2;2;2;2;2;1;2
2022-05-15;1;332267;4979.79;1;10;4;110;3;5;0;1;4;1;1;2;2;2;2;1;1;1;1;2;2;2;2;2;2;1;2;2;2;2;2;2;9;1;2
2022-05-15;1;332277;5113.41;1;10;3;110;3;5;0;1;5;1;1;2;2;3;2;2;2;1;1;2;2;2;2;2;2;2;2;2;2;2;2;2;9;1;2
2022-05-15;1;332290;6039.45;1;10;4;110;3;5;0;1;4;2;1;2;2;2;1;2;2;1;2;2;2;2;2;2;2;2;2;2;2;2;2;2;9;1;2
2022-05-15;1;332308;5023.2;1;10;5;110;3;5;0;1;5;1;1;2;2;3;1;1;2;1;1;2;2;2;2;2;2;2;2;2;2;2;2;1;9;12;2
2022-05-15;1;332358;4723.28;1;10;3;110;2;4;0;1;2;1;1;2;2;1;2;2;2;2;2;2;2;2;2;2;2;2;2;2;2;2;2;2;4;1;1
2022-05-15;1;332364;5747.85;1;10;5;110;1;2;0;1;4;2;1;2;2;2;1;1;1;2;2;2;2;2;2;1;2;2;2;2;2;1;2;2;9;1;1
2022-05-15;1;332374;5764.14;1;10;3;110;2;4;0;1;3;3;1;2;2;2;1;2;2;2;2;2;2;2;2;2;2;2;2;2;2;2;2;2;2;1;1
2022-05-15;1;332380;4952.8;1;10;3;110;3;5;0;1;3;1;1;2;2;2;1;1;1;2;2;2;2;2;2;2;2;2;2;2;2;2;1;2;9;1;2
2022-05-15;1;332399;5023.2;1;10;5;110;3;5;0;1;5;1;1;2;2;3;1;2;2;2;2;2;2;2;2;2;2;2;2;2;2;2;2;2;4;1;2
2022-05-15;1;332407;5795.56;1;10;4;110;2;4;0;1;2;3;1;2;2;1;2;2;2;2;2;2;2;2;2;2;2;2;2;2;2;2;2;2;4;1;1
2022-05-15;1;332420;4952.8;1;10;3;110;3;5;0;1;3;1;1;2;2;2;1;2;2;2;2;2;2;2;2;2;2;2;2;2;2;2;2;2;2;1;2
2022-05-15;1;332430;5809.78;1;10;5;110;2;4;0;1;3;2;1;2;2;2;1;1;2;2;1;2;2;2;2;2;2;2;2;2;2;2;2;1;4;1;1
2022-05-15;1;332449;4590.5;1;10;5;110;1;3;0;1;3;1;1;2;2;2;1;2;2;1;1;2;2;2;2;2;2;2;2;2;2;2;2;2;4;1;1
2022-05-15;1;332457;4823.38;1;10;4;110;3;7;0;1;3;1;1;2;2;2;1;2;2;2;2;2;2;2;2;2;2;2;2;2;2;2;2;2;4;1;2
2022-05-15;1;332463;4952.8;1;10;3;110;3;5;0;1;2;1;1;2;2;1;1;2;2;2;2;2;2;2;2;2;2;2;2;2;2;2;2;2;4;1;2
2022-05-15;1;332472;4526.16;1;10;3;110;1;3;0;1;3;1;1;2;2;2;1;2;2;1;1;2;2;2;2;2;2;2;2;2;2;2;2;2;4;1;1
2022-05-15;1;332499;4455.39;1;10;4;110;2;4;0;1;6;1;1;2;2;3;1;2;2;2;2;2;2;2;2;2;2;2;2;2;2;2;2;2;4;1;1
2022-05-15;1;332502;5809.78;1;10;5;110;2;4;0;1;3;2;1;2;2;2;1;1;1;2;2;2;2;2;2;2;2;2;2;1;2;2;2;2;2;1;1
2022-05-15;1;332524;4455.39;1;10;4;110;2;4;0;1;1;1;1;2;2;1;1;2;2;2;2;2;2;2;2;2;2;2;2;2;2;2;2;2;4;1;1
2022-05-15;1;332533;5809.78;1;10;5;110;2;4;0;1;4;2;1;2;2;2;1;2;2;2;2;2;2;2;2;2;2;2;2;2;2;2;2;2;9;1;1
2022-05-15;1;332555;6328.93;1;10;5;110;3;5;0;1;2;3;1;2;2;1;1;2;2;2;2;2;2;2;2;2;2;2;2;2;2;2;2;2;2;1;2
2022-05-15;1;332578;4979.79;1;10;4;110;3;6;0;1;3;1;1;2;2;2;2;1;1;2;2;2;2;2;2;2;2;1;2;2;2;2;2;2;9;1;2
2022-05-15;1;332624;5023.2;1;10;5;110;3;5;0;1;1;1;1;2;2;1;1;2;2;2;2;2;2;2;2;2;2;2;2;2;2;2;2;2;4;1;2
2022-05-15;1;332630;6898.39;1;10;1;110;3;5;0;1;2;2;1;2;2;1;1;2;2;2;2;2;2;2;2;2;2;2;2;2;2;2;2;2;4;1;2
2022-05-15;1;332636;4979.79;1;10;4;110;3;5;0;1;7;1;1;2;2;3;2;1;1;2;2;2;2;2;2;1;1;2;2;1;1;1;2;2;9;1;2
2022-05-15;1;332638;4550.83;1;10;4;110;1;3;0;1;1;1;1;2;2;1;2;2;2;2;2;2;2;2;2;2;2;2;2;2;2;2;2;2;2;1;1
2022-05-15;1;332639;7122.08;1;10;1;110;3;5;0;1;2;2;1;2;2;1;2;2;2;2;2;2;2;2;2;2;2;2;2;2;2;2;2;2;2;1;2
2022-05-15;1;332655;5998.18;1;10;5;110;2;4;0;1;4;2;1;2;2;2;2;1;1;2;2;2;2;2;2;2;2;2;1;2;1;2;2;2;9;1;1
2022-05-15;1;332675;5647.38;1;10;5;110;3;5;0;2;2;1;1;2;2;1;1;2;2;2;2;2;2;2;2;2;2;2;2;2;2;2;2;2;1;1;2
2022-05-15;1;332687;5422.74;1;10;4;110;3;5;0;2;2;1;1;2;2;1;1;2;2;2;2;2;2;2;2;2;2;2;2;2;2;2;2;2;1;1;2
2022-05-15;1;332699;5728.36;1;10;3;110;2;4;0;1;4;2;1;2;2;2;1;2;2;1;1;2;2;2;2;2;2;2;2;2;2;2;2;2;2;1;1
2022-05-15;1;332712;4639.96;1;10;5;110;2;4;0;1;2;1;1;2;2;1;1;2;2;2;2;2;2;2;2;2;2;2;2;2;2;2;2;2;4;1;1
2022-05-15;1;332747;6271.88;1;10;4;110;2;4;0;2;4;2;1;2;2;2;1;1;2;1;1;2;2;2;2;2;2;2;2;2;2;2;2;1;1;1;1
2022-05-15;1;332752;7122.08;1;10;1;110;3;5;0;1;2;2;1;2;2;1;2;2;2;2;2;2;2;2;2;2;2;2;2;2;2;2;2;2;4;1;2
2022-05-15;1;332761;4590.5;1;10;5;110;1;3;0;1;1;1;1;2;2;1;1;2;2;2;2;2;2;2;2;2;2;2;2;2;2;2;2;2;2;1;1
2022-05-15;1;332790;6201.5;1;10;3;110;3;5;0;1;5;2;1;2;2;3;1;1;1;1;2;2;2;2;2;2;2;2;2;2;1;2;2;2;9;1;2
2022-05-15;1;332804;5023.2;1;10;5;110;3;5;0;1;1;1;1;2;2;1;1;2;2;2;2;2;2;2;2;2;2;2;2;2;2;2;2;2;2;1;2
2022-05-15;1;332823;6201.5;1;10;3;110;3;5;0;1;6;2;1;2;2;3;1;1;1;1;1;2;2;2;2;2;2;2;2;2;2;1;2;2;2;1;2
2022-05-15;1;332841;5667.29;1;10;3;110;1;3;0;1;4;2;1;2;2;2;1;2;2;2;2;2;2;2;2;2;2;2;2;2;2;2;2;2;2;1;1
2022-05-15;1;332847;4952.8;1;10;3;110;3;5;0;1;8;1;1;2;2;3;1;1;1;1;1;2;2;2;2;2;2;2;1;2;2;2;1;2;2;1;2
2022-05-15;1;332848;6289.65;1;10;5;110;3;5;0;1;7;2;1;2;2;3;1;2;2;1;1;2;2;2;2;2;2;2;2;2;2;2;2;2;4;1;2
2022-05-15;1;332863;4639.96;1;10;5;110;2;4;0;1;2;1;1;2;2;1;1;2;2;2;2;2;2;2;2;2;2;2;2;2;2;2;2;2;4;1;1
2022-05-15;1;332871;6274.25;1;10;4;110;3;5;0;1;5;3;1;2;2;3;2;1;1;2;2;2;2;2;1;2;1;2;2;2;2;2;2;2;9;1;2
2022-05-15;1;332877;4952.8;1;10;3;110;3;5;0;1;1;1;1;2;2;1;1;2;2;2;2;2;2;2;2;2;2;2;2;2;2;2;2;2;4;1;2
2022-05-15;1;332885;6193.96;1;10;1;110;3;5;0;2;5;1;1;2;2;3;1;1;1;1;1;2;2;2;2;2;2;2;2;2;2;2;1;2;1;1;2
2022-05-15;1;332908;5422.74;1;10;4;110;3;5;0;2;7;1;1;2;2;3;1;1;1;1;2;2;2;2;2;2;2;2;2;2;2;1;2;2;1;1;2
2022-05-15;1;332915;5113.41;1;10;3;110;3;5;0;1;5;1;1;2;2;3;2;1;1;2;2;2;2;2;2;2;2;2;2;2;1;2;2;2;9;1;2
2022-05-15;1;332920;5023.2;1;10;5;110;3;6;0;1;4;1;1;2;2;2;1;1;1;1;2;2;2;2;2;2;2;2;1;2;2;1;2;2;9;1;2
2022-05-15;1;332927;6402.6;1;10;3;110;3;6;0;1;4;2;1;2;2;2;2;1;1;1;1;2;2;2;2;1;2;2;2;2;2;2;2;2;4;1;2
2022-05-15;1;332932;6578.71;1;10;1;110;2;4;0;1;2;2;1;2;2;1;2;2;2;2;2;2;2;2;2;2;2;2;2;2;2;2;2;2;2;1;1
2022-05-15;1;332937;5519.21;1;10;4;110;1;2;0;1;4;2;1;2;2;2;1;1;2;2;1;2;2;2;2;2;2;2;2;2;2;2;2;1;2;1;1
2022-05-15;1;332949;6394.81;1;10;1;110;3;5;0;2;3;1;1;2;2;2;2;1;2;2;2;2;2;2;1;2;2;2;2;2;2;2;2;2;1;1;2
2022-05-15;1;332960;4825.85;1;10;2;110;1;3;0;1;2;1;1;2;2;1;2;2;2;2;2;2;2;2;2;2;2;2;2;2;2;2;2;2;2;1;1
2022-05-15;1;332989;5598.58;1;10;4;110;3;6;0;2;5;1;1;2;2;3;2;1;1;2;2;2;2;1;2;2;2;2;1;2;1;1;2;2;1;1;2
2022-05-15;1;332995;5809.78;1;10;5;110;2;4;0;1;4;2;1;2;2;2;1;2;2;1;2;2;2;2;2;2;2;2;2;2;2;2;2;2;4;1;1
2022-05-15;1;333003;5889.31;1;10;2;110;1;2;0;1;5;3;1;2;2;3;1;2;2;2;2;2;2;2;2;2;2;2;2;2;2;2;2;2;2;1;1
2022-05-15;1;333008;6201.5;1;10;3;110;3;5;0;1;4;2;1;2;2;2;1;2;2;2;2;2;2;2;2;2;2;2;2;2;2;2;2;2;2;1;2
2022-05-15;1;333036;6493.6;1;10;5;110;3;7;0;1;3;2;1;2;2;2;2;2;2;2;2;2;2;2;2;2;2;2;2;2;2;2;2;2;4;1;2
2022-05-15;1;333046;4952.8;1;10;3;110;3;5;0;1;7;1;1;2;2;3;1;1;1;1;1;2;2;2;2;2;2;2;2;2;2;2;1;2;9;1;2
2022-05-15;1;333054;6289.65;1;10;5;110;3;6;0;1;1;2;1;2;2;1;1;2;2;2;2;2;2;2;2;2;2;2;2;2;2;2;2;2;2;1;2
2022-05-15;1;333060;4823.38;1;10;4;110;3;6;0;1;7;1;1;2;2;3;1;1;1;2;2;2;2;2;2;2;1;2;1;2;1;2;2;2;9;1;2
2022-05-15;1;333067;4407.89;1;10;4;110;1;3;0;1;7;1;1;2;2;3;1;1;1;2;2;1;2;2;2;2;2;2;1;2;2;2;1;2;4;1;1
2022-05-15;1;333068;5216.52;1;10;5;110;2;4;0;2;2;1;1;2;2;1;1;1;2;2;2;2;2;2;1;2;2;2;2;2;2;2;2;2;1;1;1
2022-05-15;1;333075;4723.28;1;10;3;110;2;4;0;1;3;1;1;2;2;2;2;1;1;2;2;2;2;2;2;2;2;2;2;1;2;2;2;2;9;1;1
2022-05-15;1;333080;5809.78;1;10;5;110;2;4;0;1;4;2;1;2;2;2;1;2;2;1;2;2;2;2;2;2;2;2;2;2;2;2;2;2;4;1;1
2022-05-15;1;333085;4574.93;1;10;3;110;2;4;0;1;2;1;1;2;2;1;1;2;2;2;2;2;2;2;2;2;2;2;2;2;2;2;2;2;9;1;1
2022-05-15;1;333091;5113.41;1;10;3;110;3;5;0;1;4;1;1;2;2;2;2;1;1;1;1;2;2;2;2;1;2;2;2;2;2;2;2;2;4;1;2
2022-05-15;1;333108;5385.68;1;10;5;110;2;4;0;2;3;1;1;2;2;2;2;1;1;2;2;2;2;2;2;2;2;1;2;2;2;2;2;2;1;1;1
2022-05-15;1;333114;5568.23;1;10;3;110;3;5;0;2;3;1;1;2;2;2;1;1;2;1;1;2;2;2;2;2;2;2;2;2;2;2;2;1;1;1;2
2022-05-15;1;333124;5023.2;1;10;5;110;3;5;0;1;1;1;1;2;2;1;1;2;2;2;2;2;2;2;2;2;2;2;2;2;2;2;2;2;2;1;2
2022-05-15;1;333139;4526.16;1;10;3;110;1;3;0;1;1;1;1;2;2;1;1;2;2;2;2;2;2;2;2;2;2;2;2;2;2;2;2;2;4;1;1
2022-05-15;1;333144;5852.76;1;10;2;110;1;3;0;1;5;2;1;2;2;3;1;1;1;1;1;2;2;2;2;2;2;2;2;2;2;1;2;1;2;1;1
2022-05-15;1;333157;6077.18;1;10;4;110;3;7;0;1;3;3;1;2;2;2;1;2;2;2;2;2;2;2;2;2;2;2;2;2;2;2;2;2;4;1;2
2022-05-15;1;333168;5809.78;1;10;5;110;2;4;0;1;2;2;1;2;2;1;1;2;2;1;1;2;2;2;2;2;2;2;2;2;2;2;2;2;4;1;1
2022-05-15;1;333169;5089.03;1;10;1;110;2;4;0;1;2;1;1;2;2;1;1;2;2;2;2;2;2;2;2;2;2;2;2;2;2;2;2;2;2;1;1
2022-05-15;1;333185;5422.74;1;10;4;110;3;5;0;2;5;1;1;2;2;3;1;1;1;2;1;2;2;1;2;2;2;2;2;2;2;1;2;1;1;1;2
2022-05-15;1;333211;5915.82;1;10;2;110;2;4;0;1;3;2;1;2;2;2;1;1;2;2;1;2;2;2;2;2;2;2;2;2;2;2;2;1;2;1;1
2022-05-15;1;333217;5915.82;1;10;2;110;2;4;0;1;2;2;1;2;2;1;1;2;2;2;2;2;2;2;2;2;2;2;2;2;2;2;2;2;2;1;1
2022-05-15;1;333224;4952.8;1;10;3;110;3;5;0;1;3;1;1;2;2;2;1;2;2;2;2;2;2;2;2;2;2;2;2;2;2;2;2;2;9;1;2
2022-05-15;1;333246;4574.93;1;10;3;110;2;4;0;1;5;1;1;2;2;3;1;2;2;1;1;2;2;2;2;2;2;2;2;2;2;2;2;2;4;1;1
2022-05-15;1;333276;6475.27;1;10;4;110;2;4;0;2;4;2;1;2;2;2;2;1;1;2;2;2;2;2;2;2;2;1;2;1;2;2;2;2;1;1;1
2022-05-15;1;333282;5171.44;1;10;4;110;2;4;0;2;5;1;1;2;2;3;2;1;1;1;1;2;2;2;2;2;2;1;2;2;1;2;2;2;1;1;1
2022-05-15;1;333288;4599.86;1;10;4;110;2;4;0;1;3;1;1;2;2;2;2;1;1;2;2;2;2;2;2;2;2;1;2;2;2;2;2;2;9;1;1
2022-05-15;1;333297;6898.39;1;10;1;110;3;5;0;1;1;2;1;2;2;1;1;2;2;2;2;2;2;2;2;2;2;2;2;2;2;2;2;2;2;1;2
2022-05-15;1;333311;5809.78;1;10;5;110;2;4;0;1;2;2;1;2;2;1;1;2;2;2;2;2;2;2;2;2;2;2;2;2;2;2;2;2;4;1;1
2022-05-15;1;333347;6650.92;1;10;2;110;2;4;0;2;3;2;1;2;2;2;1;2;2;2;2;2;2;2;2;2;2;2;2;2;2;2;2;2;1;1;1
2022-05-15;1;333379;5385.68;1;10;5;110;2;4;0;2;3;1;1;2;2;2;2;2;2;1;1;2;2;2;2;2;2;2;2;2;2;2;2;2;1;1;1
2022-05-15;1;333380;4825.85;1;10;2;110;1;3;0;1;2;1;1;2;2;1;2;2;2;2;2;2;2;2;2;2;2;2;2;2;2;2;2;2;2;1;1
2022-05-15;1;333391;6201.5;1;10;3;110;3;5;0;1;7;2;1;2;2;3;1;1;1;1;2;2;2;1;2;2;1;2;1;2;2;2;2;2;9;1;2
2022-05-15;1;333409;5509.37;1;10;1;110;3;5;0;1;4;1;1;2;2;2;1;2;2;1;1;2;2;2;2;2;2;2;2;2;2;2;2;2;2;1;2
2022-05-15;1;333435;5422.74;1;10;4;110;3;5;0;2;6;1;1;2;2;3;1;1;1;1;1;2;2;2;2;2;2;2;1;2;2;2;2;2;1;1;2
2022-05-15;1;333440;5509.37;1;10;1;110;3;6;0;1;3;1;1;2;2;2;1;2;2;1;1;2;2;2;2;2;2;2;2;2;2;2;2;2;2;1;2
2022-05-15;1;333455;5023.2;1;10;5;110;3;5;0;1;1;1;1;2;2;1;1;2;2;2;2;2;2;2;2;2;2;2;2;2;2;2;2;2;2;1;2
2022-05-15;1;333475;5422.74;1;10;4;110;3;5;0;2;4;1;1;2;2;2;1;1;1;1;1;2;2;2;2;2;2;2;2;2;2;2;1;2;1;1;2
2022-05-15;1;333494;6372.08;1;10;1;110;2;4;0;1;1;2;1;2;2;1;1;2;2;2;2;2;2;2;2;2;2;2;2;2;2;2;2;2;2;1;1
2022-05-15;1;333501;6343.53;1;10;1;110;1;3;0;1;3;3;1;2;2;2;1;2;2;1;2;2;2;2;2;2;2;2;2;2;2;2;2;2;2;1;1
2022-05-15;1;333507;4723.28;1;10;3;110;2;4;0;1;5;1;1;2;2;3;2;1;1;1;1;2;2;2;2;2;2;2;2;2;2;1;2;2;9;1;1
2022-05-15;1;333514;6039.45;1;10;4;110;3;7;0;1;4;2;1;2;2;2;1;2;2;2;2;2;2;2;2;2;2;2;2;2;2;2;2;2;9;1;2
2022-05-15;1;333524;5198.05;1;10;1;110;1;3;0;1;4;1;1;2;2;2;2;1;1;2;2;2;2;2;1;2;2;1;2;2;2;2;2;2;4;1;1
2022-05-15;1;333536;6289.65;1;10;5;110;3;7;0;1;2;2;1;2;2;1;1;2;2;2;2;2;2;2;2;2;2;2;2;2;2;2;2;2;9;2;2
2022-05-15;1;333547;4979.79;1;10;4;110;3;7;0;1;5;1;1;2;2;3;2;1;1;1;1;2;2;2;2;2;2;2;2;1;2;2;2;1;9;1;2
2022-05-15;1;333557;5647.38;1;10;5;110;3;5;0;2;4;1;1;2;2;2;1;1;1;1;1;2;2;2;2;2;2;2;2;2;2;2;1;2;1;1;2
2022-05-15;1;333569;4639.96;1;10;5;110;2;4;0;1;2;1;1;2;2;1;1;2;2;2;2;2;2;2;2;2;2;2;2;2;2;2;2;2;9;1;1
2022-05-15;1;333574;5519.21;1;10;4;110;1;3;0;1;2;2;1;2;2;1;1;2;2;2;2;2;2;2;2;2;2;2;2;2;2;2;2;2;4;1;1
2022-05-15;1;333582;5023.2;1;10;5;110;3;5;0;1;1;1;1;2;2;1;1;2;2;2;2;2;2;2;2;2;2;2;2;2;2;2;2;2;2;1;2
2022-05-15;1;333583;5747.85;1;10;5;110;1;3;0;1;3;2;1;2;2;2;1;2;2;2;2;2;2;2;2;2;2;2;2;2;2;2;2;2;2;1;1
2022-05-15;1;333593;6235.3;1;10;4;110;3;5;0;1;4;2;1;2;2;2;2;2;2;1;1;2;2;2;2;2;2;2;2;2;2;2;2;2;9;1;2
2022-05-15;1;333596;5759.58;1;10;4;110;2;4;0;1;2;2;1;2;2;1;2;2;2;2;2;2;2;2;2;2;2;2;2;2;2;2;2;2;9;1;1
2022-05-15;1;333597;5783.75;1;10;5;110;1;2;0;1;4;3;1;2;2;2;1;2;2;1;2;2;2;2;2;2;2;2;2;2;2;2;2;2;2;1;1
2022-05-15;1;333598;4790.42;1;10;5;110;2;4;0;1;1;1;1;2;2;1;2;2;2;2;2;2;2;2;2;2;2;2;2;2;2;2;2;2;2;1;1
2022-05-15;1;333599;5809.78;1;10;5;110;2;4;0;1;4;2;1;2;2;2;1;1;2;2;1;2;2;2;2;2;2;2;2;2;2;2;2;1;2;1;1
2022-05-15;1;333600;4639.96;1;10;5;110;2;4;0;1;2;1;1;2;2;1;1;2;2;1;2;2;2;2;2;2;2;2;2;2;2;2;2;2;2;1;1
2022-05-15;1;333601;5783.75;1;10;5;110;1;3;0;1;3;3;1;2;2;2;1;2;2;2;2;2;2;2;2;2;2;2;2;2;2;2;2;2;2;1;1
2022-05-15;1;333604;5023.2;1;10;5;110;3;6;0;1;2;1;1;2;2;1;1;2;2;2;2;2;2;2;2;2;2;2;2;2;2;2;2;2;2;1;2
2022-05-15;1;333605;5647.38;1;10;5;110;3;7;0;2;2;1;1;2;2;1;1;2;2;2;2;2;2;2;2;2;2;2;2;2;2;2;2;2;1;1;2
2022-05-15;1;333606;5023.2;1;10;5;110;3;5;0;1;2;1;1;2;2;1;1;2;2;2;2;2;2;2;2;2;2;2;2;2;2;2;2;2;9;1;2
2022-05-15;1;333609;5647.38;1;10;5;110;3;5;0;2;1;1;1;2;2;1;1;2;2;2;2;2;2;2;2;2;2;2;2;2;2;2;2;2;1;1;2
2022-05-15;1;333610;5023.2;1;10;5;110;3;5;0;1;2;1;1;2;2;1;1;2;2;2;2;2;2;2;2;2;2;2;2;2;2;2;2;2;2;1;2
2022-05-15;1;333613;4739.35;1;10;5;110;1;3;0;1;2;1;1;2;2;1;2;2;2;2;2;2;2;2;2;2;2;2;2;2;2;2;2;2;2;1;1
2022-05-15;1;333615;5851.07;1;10;3;110;1;3;0;1;4;2;1;2;2;2;2;1;1;2;2;2;2;2;2;2;1;2;2;1;2;2;2;2;4;1;1
2022-05-15;1;333616;5088.58;1;10;3;110;1;3;0;2;4;1;1;2;2;2;1;1;1;2;2;2;2;2;2;2;2;2;1;2;2;2;1;2;1;1;1
2022-05-15;1;333617;6972.09;1;10;3;110;3;5;0;2;2;2;1;2;2;1;1;2;2;2;2;2;2;2;2;2;2;2;2;2;2;2;2;2;1;1;2
2022-05-15;1;333618;6201.5;1;10;3;110;3;5;0;1;2;2;1;2;2;1;1;2;2;2;2;2;2;2;2;2;2;2;2;2;2;2;2;2;9;1;2
2022-05-15;1;333620;6201.5;1;10;3;110;3;5;0;1;1;2;1;2;2;1;1;2;2;2;2;2;2;2;2;2;2;2;2;2;2;2;2;2;9;1;2
2022-05-15;1;333621;6328.93;1;10;5;110;3;7;0;1;5;3;1;2;2;3;1;1;1;2;2;2;2;2;2;2;1;2;2;2;1;2;2;2;2;1;2
2022-05-15;1;333622;6289.65;1;10;5;110;3;5;0;1;5;2;1;2;2;3;1;2;2;1;1;2;2;2;2;2;2;2;2;2;2;2;2;2;9;1;2
2022-05-15;1;333624;7071.2;1;10;5;110;3;6;0;2;5;2;1;2;2;3;1;2;2;1;1;2;2;2;2;2;2;2;2;2;2;2;2;2;1;1;2
2022-05-15;1;333625;5186.09;1;10;5;110;3;5;0;1;8;1;1;2;2;3;2;1;1;1;1;2;2;2;2;1;2;1;2;2;2;2;2;1;2;1;2
2022-05-15;1;333641;6289.65;1;10;5;110;3;7;0;1;1;2;1;2;2;1;1;2;2;2;2;2;2;2;2;2;2;2;2;2;2;2;2;2;2;1;2
2022-05-15;1;333652;4952.8;1;10;3;110;3;5;0;1;2;1;1;2;2;1;1;2;2;2;2;2;2;2;2;2;2;2;2;2;2;2;2;2;9;1;2
2022-05-15;1;333663;5113.41;1;10;3;110;3;5;0;1;4;1;1;2;2;2;2;2;2;1;1;2;2;2;2;2;2;2;2;2;2;2;2;2;9;1;2
2022-05-15;1;333675;5783.75;1;10;5;110;1;3;0;1;3;3;1;2;2;2;1;2;2;2;2;2;2;2;2;2;2;2;2;2;2;2;2;2;2;1;1
2022-05-15;1;333687;4574.93;1;10;3;110;2;4;0;1;4;1;1;2;2;2;1;2;2;1;1;2;2;2;2;2;2;2;2;2;2;2;2;2;9;1;1
2022-05-15;1;333712;5023.2;1;10;5;110;3;6;0;1;3;1;1;2;2;2;1;2;2;1;2;2;2;2;2;2;2;2;2;2;2;2;2;2;9;1;2
2022-05-15;1;333730;5422.74;1;10;4;110;3;5;0;2;2;1;1;2;2;1;1;2;2;2;2;2;2;2;2;2;2;2;2;2;2;2;2;2;1;1;2
2022-05-15;1;333731;5509.37;1;10;1;110;3;5;0;1;1;1;1;2;2;1;1;2;2;2;2;2;2;2;2;2;2;2;2;2;2;2;2;2;2;1;2
2022-05-15;1;333768;4952.8;1;10;3;110;3;5;0;1;1;1;1;2;2;1;1;2;2;2;2;2;2;2;2;2;2;2;2;2;2;2;2;2;4;1;2
2022-05-15;1;333784;6039.45;1;10;4;110;3;6;0;1;3;2;1;2;2;2;1;2;2;2;2;2;2;2;2;2;2;2;2;2;2;2;2;2;9;1;2
2022-05-15;1;333794;4590.5;1;10;5;110;1;2;0;1;3;1;1;2;2;2;1;2;2;1;1;2;2;2;2;2;2;2;2;2;2;2;2;2;9;6;1
2022-05-15;1;333796;4952.8;1;10;3;110;3;6;0;1;2;1;1;2;2;1;1;2;2;2;2;2;2;2;2;2;2;2;2;2;2;2;2;2;9;1;2
2022-05-15;1;333808;5728.36;1;10;3;110;2;4;0;1;3;2;1;2;2;2;1;2;2;2;2;2;2;2;2;2;2;2;2;2;2;2;2;2;9;7;1
2022-05-15;1;333809;4574.93;1;10;3;110;2;4;0;1;3;1;1;2;2;2;1;2;2;1;1;2;2;2;2;2;2;2;2;2;2;2;2;2;9;1;1
2022-05-15;1;333810;5113.41;1;10;3;110;3;5;0;1;4;1;1;2;2;2;2;1;2;2;1;2;2;2;1;2;2;2;2;2;2;2;2;1;9;7;2
2022-05-15;1;333813;4952.8;1;10;3;110;3;5;0;1;3;1;1;2;2;2;1;2;2;2;2;2;2;2;2;2;2;2;2;2;2;2;2;2;9;1;2
2022-05-15;1;333838;6289.65;1;10;5;110;3;7;0;1;3;2;1;2;2;2;1;2;2;2;2;2;2;2;2;2;2;2;2;2;2;2;2;2;9;13;2
2022-05-15;1;333839;8268.63;1;10;5;110;1;3;0;1;5;4;1;2;2;3;1;2;2;1;2;2;2;2;2;2;2;2;2;2;2;2;2;2;4;1;1
2022-05-15;1;333845;5728.36;1;10;3;110;2;4;0;1;3;2;1;2;2;2;1;2;2;2;2;2;2;2;2;2;2;2;2;2;2;2;2;2;4;1;1
2022-05-15;1;333855;6240.23;1;10;3;110;3;5;0;1;4;3;1;2;2;2;1;2;2;1;2;2;2;2;2;2;2;2;2;2;2;2;2;2;4;1;2
2022-05-15;1;333856;6201.5;1;10;3;110;3;6;0;1;4;2;1;2;2;2;1;2;2;2;2;2;2;2;2;2;2;2;2;2;2;2;2;2;9;7;2
2022-05-15;1;333857;6201.5;1;10;3;110;3;6;0;1;2;2;1;2;2;1;1;2;2;2;2;2;2;2;2;2;2;2;2;2;2;2;2;2;9;1;2
2022-05-15;1;333858;8417.12;1;10;3;110;1;3;0;1;5;4;1;2;2;3;2;1;1;1;1;2;2;2;1;1;2;2;2;2;2;2;2;2;9;7;1
2022-05-15;1;333860;4979.79;1;10;4;110;3;5;0;1;7;1;1;2;2;3;2;1;1;1;1;2;2;2;2;2;2;2;2;2;2;1;2;1;9;1;2
2022-05-15;1;333861;5578.68;1;10;4;110;2;4;0;1;2;2;1;2;2;1;1;2;2;2;2;2;2;2;2;2;2;2;2;2;2;2;2;2;9;5;1
2022-05-15;1;333862;4823.38;1;10;4;110;3;5;0;1;2;1;1;2;2;1;1;2;2;2;2;2;2;2;2;2;2;2;2;2;2;2;2;2;9;5;2
2022-05-15;1;333866;5914.12;1;10;3;110;2;4;0;1;5;2;1;2;2;3;2;1;1;1;1;2;2;2;2;2;2;1;2;2;2;2;1;2;9;1;1
2022-05-15;1;333886;5088.58;1;10;3;110;1;3;0;2;4;1;1;2;2;2;1;1;1;2;2;2;2;2;2;2;2;2;2;2;2;2;1;2;1;1;1
2022-05-15;1;333894;5113.41;1;10;3;110;3;5;0;1;3;1;1;2;2;2;2;1;2;2;2;2;2;1;2;2;2;2;2;2;2;2;2;2;9;1;2
2022-05-15;1;333910;4455.39;1;10;4;110;2;4;0;1;3;1;1;2;2;2;1;2;2;2;2;2;2;2;2;2;2;2;2;2;2;2;2;2;9;1;1
2022-05-15;1;333925;5113.41;1;10;3;110;3;5;0;1;3;1;1;2;2;2;2;1;2;2;2;2;2;1;2;2;2;2;2;2;2;2;2;2;4;1;2
2022-05-15;1;333937;6289.65;1;10;5;110;3;7;0;1;1;2;1;2;2;1;1;2;2;2;2;2;2;2;2;2;2;2;2;2;2;2;2;2;9;1;2
2022-05-15;1;333965;5728.36;1;10;3;110;2;4;0;1;2;2;1;2;2;1;1;2;2;1;2;2;2;2;2;2;2;2;2;2;2;2;2;2;9;2;1
2022-05-15;1;333980;4639.96;1;10;5;110;2;4;0;1;2;1;1;2;2;1;1;2;2;2;2;2;2;2;2;2;2;2;2;2;2;2;2;2;4;1;1
2022-05-15;1;333989;4723.28;1;10;3;110;2;4;0;1;6;1;1;2;2;3;2;1;1;1;1;2;2;2;2;2;2;2;2;2;2;2;1;2;9;1;1
2022-05-15;1;334001;4590.5;1;10;5;110;1;2;0;1;4;1;1;2;2;2;1;1;2;2;1;2;2;2;2;2;2;2;2;2;2;2;2;1;2;1;1
2022-05-15;1;334023;6201.5;1;10;3;110;3;7;0;1;4;2;1;2;2;2;1;1;2;2;1;2;2;2;2;2;2;2;2;2;2;2;2;1;9;1;2
2022-05-15;1;334044;4407.89;1;10;4;110;1;3;0;1;3;1;1;2;2;2;1;2;2;2;2;2;2;2;2;2;2;2;2;2;2;2;2;2;9;5;1
2022-05-15;1;334056;5519.21;1;10;4;110;1;3;0;1;2;2;1;2;2;1;1;2;2;2;2;2;2;2;2;2;2;2;2;2;2;2;2;2;9;5;1
2022-05-15;1;334084;6493.6;1;10;5;110;3;5;0;1;3;2;1;2;2;2;2;2;2;2;2;2;2;2;2;2;2;2;2;2;2;2;2;2;9;1;2
2022-05-15;1;334098;4790.42;1;10;5;110;2;4;0;1;5;1;1;2;2;3;2;1;1;2;2;2;2;2;1;2;2;2;2;1;2;1;2;2;9;1;1
2022-05-15;1;334135;5023.2;1;10;5;110;3;5;0;1;3;1;1;2;2;2;1;2;2;2;2;2;2;2;2;2;2;2;2;2;2;2;2;2;9;1;2
2022-05-15;1;334155;6035.65;1;10;5;110;2;4;0;1;2;3;1;2;2;1;2;2;2;1;1;2;2;2;2;2;2;2;2;2;2;2;2;2;2;1;1
2022-05-15;1;334164;5578.68;1;10;4;110;2;4;0;1;2;2;1;2;2;1;1;2;2;2;2;2;2;2;2;2;2;2;2;2;2;2;2;2;9;5;1
2022-05-15;1;334173;4979.79;1;10;4;110;3;6;0;1;1;1;1;2;2;1;2;2;2;2;2;2;2;2;2;2;2;2;2;2;2;2;2;2;9;5;2
2022-05-15;1;334184;5914.12;1;10;3;110;2;4;0;1;4;2;1;2;2;2;2;1;1;2;2;2;2;2;2;2;1;2;2;2;1;2;2;2;9;1;1
2022-05-15;1;334201;4724.64;1;10;2;110;2;4;0;1;1;1;1;2;2;1;1;2;2;2;2;2;2;2;2;2;2;2;2;2;2;2;2;2;2;1;1
2022-05-15;1;334215;5747.85;1;10;5;110;1;3;0;1;3;2;1;2;2;2;1;2;2;2;2;2;2;2;2;2;2;2;2;2;2;2;2;2;2;1;1
2022-05-15;1;334228;4952.8;1;10;3;110;3;7;0;1;1;1;1;2;2;1;1;2;2;2;2;2;2;2;2;2;2;2;2;2;2;2;2;2;2;1;2
2022-05-15;1;334243;4639.96;1;10;5;110;2;4;0;1;5;1;1;2;2;3;1;1;2;2;2;2;2;1;2;2;2;2;2;2;2;2;2;2;9;1;1
2022-05-15;1;334254;4952.8;1;10;3;110;3;5;0;1;6;1;1;2;2;3;1;1;1;1;2;2;2;2;2;2;2;2;1;2;2;2;2;2;9;1;2
2022-05-15;1;334255;4639.96;1;10;5;110;2;4;0;1;2;1;1;2;2;1;1;2;2;2;2;2;2;2;2;2;2;2;2;2;2;2;2;2;9;1;1
2022-05-15;1;334260;4952.8;1;10;3;110;3;5;0;1;1;1;1;2;2;1;1;2;2;2;2;2;2;2;2;2;2;2;2;2;2;2;2;2;9;1;2
2022-05-15;1;334273;5809.78;1;10;5;110;2;4;0;1;2;2;1;2;2;1;1;2;2;2;2;2;2;2;2;2;2;2;2;2;2;2;2;2;4;1;1
2022-05-15;1;334279;8357.72;1;10;5;110;2;4;0;1;4;4;1;2;2;2;1;1;1;1;1;2;2;2;2;2;2;2;2;1;2;2;2;2;4;1;1
2022-05-15;1;334305;5783.75;1;10;5;110;1;2;0;1;4;3;1;2;2;2;1;2;2;1;1;2;2;2;2;2;2;2;2;2;2;2;2;2;2;1;1
2022-05-15;1;334355;5667.29;1;10;3;110;1;3;0;1;3;2;1;2;2;2;1;1;1;2;2;2;2;2;2;2;2;2;2;2;2;1;2;2;4;1;1
2022-05-15;1;334361;6039.45;1;10;4;110;3;7;0;1;7;2;1;2;2;3;1;1;1;2;2;2;2;1;2;2;2;2;1;2;2;2;2;2;4;1;2
2022-05-15;1;334374;5852.76;1;10;2;110;1;3;0;1;2;2;1;2;2;1;1;2;2;2;2;2;2;2;2;2;2;2;2;2;2;2;2;2;4;1;1
2022-05-15;1;334384;5846.07;1;10;5;110;2;4;0;1;6;3;1;2;2;3;1;1;1;1;1;2;2;2;2;1;2;2;2;2;2;2;2;1;2;1;1
2022-05-15;1;334385;6531.71;1;10;5;110;2;4;0;2;3;2;1;2;2;2;1;1;1;2;2;2;2;2;2;2;2;2;1;2;2;2;2;2;1;1;1
2022-05-15;1;334393;6240.23;1;10;3;110;3;5;0;1;2;3;1;2;2;1;1;2;2;2;2;2;2;2;2;2;2;2;2;2;2;2;2;2;2;1;2
2022-05-15;1;334403;4790.42;1;10;5;110;2;4;0;1;4;1;1;2;2;2;2;1;1;1;1;2;2;2;2;2;1;2;2;2;2;2;2;2;9;1;1
2022-05-15;1;334415;5647.38;1;10;5;110;3;7;0;2;1;1;1;2;2;1;1;2;2;2;2;2;2;2;2;2;2;2;2;2;2;2;2;2;1;1;2
2022-05-15;1;334421;4526.16;1;10;3;110;1;3;0;1;5;1;1;2;2;3;1;2;2;1;1;2;2;2;2;2;2;2;2;2;2;2;2;2;2;1;1
2022-05-15;1;334440;5846.07;1;10;5;110;2;4;0;1;3;3;1;2;2;2;1;1;1;2;2;2;2;2;2;2;1;2;2;2;2;2;2;2;4;1;1
2022-05-15;1;334447;4952.8;1;10;3;110;3;5;0;1;10;1;1;2;2;3;1;1;1;2;2;2;2;2;2;2;2;2;2;1;2;1;1;2;4;1;2
2022-05-15;1;334455;5783.75;1;10;5;110;1;3;0;1;3;3;1;2;2;2;1;2;2;2;2;2;2;2;2;2;2;2;2;2;2;2;2;2;4;1;1
2022-05-15;1;334470;4823.38;1;10;4;110;3;5;0;1;2;1;1;2;2;1;1;2;2;2;2;2;2;2;2;2;2;2;2;2;2;2;2;2;9;1;2
2022-05-15;1;334486;6201.5;1;10;3;110;3;7;0;1;2;2;1;2;2;1;1;2;2;2;2;2;2;2;2;2;2;2;2;2;2;2;2;2;9;1;2
2022-05-15;1;334494;6289.65;1;10;5;110;3;7;0;1;2;2;1;2;2;1;1;2;2;2;2;2;2;2;2;2;2;2;2;2;2;2;2;2;2;1;2
2022-05-15;1;334495;5143.41;1;10;3;110;2;4;0;2;3;1;1;2;2;2;1;1;1;2;2;2;2;2;2;2;2;2;2;2;1;2;2;2;1;1;1
2022-05-15;1;334501;6289.65;1;10;5;110;3;5;0;1;1;2;1;2;2;1;1;2;2;2;2;2;2;2;2;2;2;2;2;2;2;2;2;2;2;1;2
2022-05-15;1;334517;4823.38;1;10;4;110;3;7;0;1;2;1;1;2;2;1;1;1;1;2;2;2;2;2;2;2;2;2;2;2;2;1;2;2;4;1;2
2022-05-15;1;334528;6328.93;1;10;5;110;3;7;0;1;4;3;1;2;2;2;1;1;1;2;2;2;2;2;2;2;2;2;2;2;2;1;2;2;9;1;2
2022-05-15;1;334538;5914.12;1;10;3;110;2;4;0;1;5;2;1;2;2;3;2;2;2;2;2;2;2;2;2;2;2;2;2;2;2;2;2;2;4;1;1
2022-05-15;1;334547;5113.41;1;10;3;110;3;7;0;1;5;1;1;2;2;3;2;1;1;1;1;2;2;2;2;2;2;2;2;2;1;2;2;2;9;1;2
2022-05-15;1;334561;5422.74;1;10;4;110;3;6;0;2;3;1;1;2;2;2;1;2;2;2;2;2;2;2;2;2;2;2;2;2;2;2;2;2;1;1;2
2022-05-15;1;334574;6271.88;1;10;4;110;2;4;0;2;4;2;1;2;2;2;1;1;1;1;2;2;2;2;2;2;2;1;2;2;2;2;2;2;1;1;1
2022-05-15;1;334580;6289.65;1;10;5;110;3;6;0;1;3;2;1;2;2;2;1;2;2;2;2;2;2;2;2;2;2;2;2;2;2;2;2;2;4;1;2
2022-05-15;1;334606;5143.41;1;10;3;110;2;4;0;2;1;1;1;2;2;1;1;2;2;2;2;2;2;2;2;2;2;2;2;2;2;2;2;2;1;1;1
2022-05-15;1;334612;5578.68;1;10;4;110;2;4;0;1;3;2;1;2;2;2;1;1;1;2;2;2;2;2;2;1;2;2;2;2;2;2;2;2;9;1;1
2022-05-15;1;334622;4550.83;1;10;4;110;1;3;0;1;5;1;1;2;2;3;2;1;1;2;2;1;2;2;2;1;2;1;2;2;2;2;2;2;4;1;1
2022-05-15;1;334633;6039.45;1;10;4;110;3;7;0;1;4;2;1;2;2;2;1;2;2;1;2;2;2;2;2;2;2;2;2;2;2;2;2;2;4;1;2
2022-05-15;1;334638;5647.38;1;10;5;110;3;7;0;2;2;1;1;2;2;1;1;2;2;2;2;2;2;2;2;2;2;2;2;2;2;2;2;2;1;1;2
2022-05-15;1;334648;4823.38;1;10;4;110;3;5;0;1;2;1;1;2;2;1;1;2;2;2;2;2;2;2;2;2;2;2;2;2;2;2;2;2;9;1;2
2022-05-15;1;334649;4823.38;1;10;4;110;3;7;0;1;4;1;1;2;2;2;1;1;1;2;2;2;2;2;2;2;2;1;2;2;2;2;2;2;4;1;2
2022-05-15;1;334653;5034.78;1;10;1;110;1;3;0;1;1;1;1;2;2;1;1;2;2;2;2;2;2;2;2;2;2;2;2;2;2;2;2;2;2;1;1
2022-05-15;1;334657;7071.2;1;10;5;110;3;7;0;2;5;2;1;2;2;3;1;2;2;1;1;2;2;2;2;2;2;2;2;2;2;2;2;2;1;1;2
2022-05-15;1;334659;6898.39;1;10;1;110;3;7;0;1;2;2;1;2;2;1;1;2;2;2;2;2;2;2;2;2;2;2;2;2;2;2;2;2;4;1;2
2022-05-15;1;334663;4952.8;1;10;3;110;3;5;0;1;3;1;1;2;2;2;1;2;2;1;2;2;2;2;2;2;2;2;2;2;2;2;2;2;9;1;2
2022-05-15;1;334665;5216.52;1;10;5;110;2;4;0;2;4;1;1;2;2;2;1;1;1;2;2;2;2;2;2;1;2;1;2;2;2;2;2;2;1;1;1
2022-05-15;1;334666;5733.78;1;10;4;110;1;3;0;1;4;3;1;2;2;2;2;1;1;2;2;2;2;2;2;2;1;2;2;2;2;2;2;2;9;1;1
2022-05-15;1;334669;5113.41;1;10;3;110;3;6;0;1;3;1;1;2;2;2;2;1;1;2;2;2;2;2;2;2;2;1;2;2;2;2;2;2;9;1;2
2022-05-15;1;334671;6328.93;1;10;5;110;3;7;0;1;4;3;1;2;2;2;1;2;2;2;2;2;2;2;2;2;2;2;2;2;2;2;2;2;9;1;2
2022-05-15;1;334680;5143.41;1;10;3;110;2;4;0;2;1;1;1;2;2;1;1;2;2;2;2;2;2;2;2;2;2;2;2;2;2;2;2;2;1;1;1
2022-05-15;1;334709;6077.18;1;10;4;110;3;7;0;1;2;3;1;2;2;1;1;2;2;2;2;2;2;2;2;2;2;2;2;2;2;2;2;2;9;1;2
2022-05-15;1;334729;5934.24;1;10;5;110;1;3;0;1;2;2;1;2;2;1;2;2;2;2;2;2;2;2;2;2;2;2;2;2;2;2;2;2;4;1;1
2022-05-15;1;334731;6972.09;1;10;3;110;3;7;0;2;1;2;1;2;2;1;1;2;2;2;2;2;2;2;2;2;2;2;2;2;2;2;2;2;1;1;2
2022-05-15;1;334732;5647.38;1;10;5;110;3;7;0;2;3;1;1;2;2;2;1;2;2;2;2;2;2;2;2;2;2;2;2;2;2;2;2;2;1;1;2
2022-05-15;1;334739;5887.62;1;10;3;110;1;3;0;1;3;3;1;2;2;2;2;1;1;2;2;2;2;2;2;2;1;2;2;2;2;2;2;2;9;1;1
2022-05-15;1;334755;6289.65;1;10;5;110;3;5;0;1;3;2;1;2;2;2;1;2;2;2;2;2;2;2;2;2;2;2;2;2;2;2;2;2;9;1;2
2022-05-15;1;334776;4823.38;1;10;4;110;3;7;0;1;3;1;1;2;2;2;1;2;2;2;2;2;2;2;2;2;2;2;2;2;2;2;2;2;9;1;2
2022-05-15;1;334777;5114.88;1;10;2;110;3;5;0;1;2;1;1;2;2;1;1;2;2;2;2;2;2;2;2;2;2;2;2;2;2;2;2;2;2;1;2
2022-05-15;1;334800;5728.36;1;10;3;110;2;4;0;1;5;2;1;2;2;3;1;1;1;1;1;2;2;2;1;2;2;2;2;2;2;1;2;2;2;1;1
2022-05-15;1;334806;4724.64;1;10;2;110;2;4;0;1;4;1;1;2;2;2;1;2;2;1;1;2;2;2;2;2;2;2;2;2;2;2;2;2;4;1;1
2022-05-15;1;334822;6039.45;1;10;4;110;3;7;0;1;3;2;1;2;2;2;1;2;2;2;2;2;2;2;2;2;2;2;2;2;2;2;2;2;4;1;2
2022-05-15;1;334828;5089.03;1;10;1;110;2;4;0;1;6;1;1;2;2;3;1;2;2;2;2;2;2;2;2;2;2;2;2;2;2;2;2;2;2;1;1
2022-05-15;1;334829;4979.79;1;10;4;110;3;7;0;1;4;1;1;2;2;2;2;1;1;2;1;2;2;2;2;2;1;2;2;2;1;2;2;1;2;1;2
2022-05-15;1;334843;4823.38;1;10;4;110;3;5;0;1;3;1;1;2;2;2;1;2;2;2;2;2;2;2;2;2;2;2;2;2;2;2;2;2;4;1;2
2022-05-15;1;334882;5089.03;1;10;1;110;2;4;0;1;2;1;1;2;2;1;1;1;1;2;2;2;2;2;2;2;2;2;1;2;2;2;2;2;2;1;1
2022-05-15;1;334885;6039.45;1;10;4;110;3;7;0;1;1;2;1;2;2;1;1;2;2;2;2;2;2;2;2;2;2;2;2;2;2;2;2;2;4;1;2
2022-05-15;1;334893;4639.96;1;10;5;110;2;4;0;1;2;1;1;2;2;1;1;2;2;2;2;2;2;2;2;2;2;2;2;2;2;2;2;2;9;1;1
2022-05-15;1;334897;5809.78;1;10;5;110;2;4;0;1;1;2;1;2;2;1;1;2;2;2;2;2;2;2;2;2;2;2;2;2;2;2;2;2;9;1;1
2022-05-15;1;334915;4979.79;1;10;4;110;3;5;0;1;4;1;1;2;2;2;2;1;1;2;2;2;2;2;2;2;2;2;2;2;2;1;1;2;9;1;2
2022-05-15;1;334916;5385.68;1;10;5;110;2;4;0;2;1;1;1;2;2;1;2;2;2;2;2;2;2;2;2;2;2;2;2;2;2;2;2;2;1;1;1
2022-05-15;1;334917;5023.2;1;10;5;110;3;7;0;1;1;1;1;2;2;1;1;2;2;2;2;2;2;2;2;2;2;2;2;2;2;2;2;2;9;2;2
2022-05-15;1;334934;6328.93;1;10;5;110;3;7;0;1;2;3;1;2;2;1;1;2;2;2;2;2;2;2;2;2;2;2;2;2;2;2;2;2;4;1;2
2022-05-15;1;334940;5023.2;1;10;5;110;3;7;0;1;2;1;1;2;2;1;1;2;2;2;2;2;2;2;2;2;2;2;2;2;2;2;2;2;9;1;2
2022-05-15;1;334968;6404.44;1;10;2;110;3;7;0;1;1;2;1;2;2;1;1;2;2;2;2;2;2;2;2;2;2;2;2;2;2;2;2;2;4;1;2
2022-05-15;1;334987;4952.8;1;10;3;110;3;5;0;1;6;1;1;2;2;3;1;1;1;1;1;2;2;2;2;2;2;2;1;2;2;2;1;2;9;1;2
2022-05-15;1;334997;6201.5;1;10;3;110;3;5;0;1;1;2;1;2;2;1;1;2;2;2;2;2;2;2;2;2;2;2;2;2;2;2;2;2;2;1;2
2022-05-15;1;334999;6343.53;1;10;1;110;1;2;0;1;4;3;1;2;2;2;1;1;1;2;2;2;2;2;2;1;2;1;2;2;2;2;2;2;2;1;1
2022-05-15;1;335006;7071.2;1;10;5;110;3;5;0;2;5;2;1;2;2;3;1;1;2;1;1;2;2;2;2;2;2;2;2;2;2;2;2;1;1;1;2
2022-05-15;1;335018;4590.5;1;10;5;110;1;3;0;1;2;1;1;2;2;1;1;2;2;2;2;2;2;2;2;2;2;2;2;2;2;2;2;2;9;1;1
2022-05-15;1;335026;6201.5;1;10;3;110;3;5;0;1;8;2;1;2;2;3;1;1;1;1;1;2;2;2;2;2;2;2;2;2;2;1;2;1;4;1;2
2022-05-15;1;335034;5553.68;1;10;4;110;1;3;0;1;4;3;1;2;2;2;1;2;2;2;2;2;2;2;2;2;2;2;2;2;2;2;2;2;4;1;1
2022-05-15;1;335041;6531.71;1;10;5;110;2;4;0;2;3;2;1;2;2;2;1;2;2;2;2;2;2;2;2;2;2;2;2;2;2;2;2;2;1;1;1
2022-05-15;1;335042;5952.77;1;10;2;110;2;4;0;1;3;3;1;2;2;2;1;2;2;1;1;2;2;2;2;2;2;2;2;2;2;2;2;2;4;1;1
2022-05-15;1;335056;4455.39;1;10;4;110;2;4;0;1;4;1;1;2;2;2;1;2;2;1;1;2;2;2;2;2;2;2;2;2;2;2;2;2;2;1;1
2022-05-15;1;335064;4952.8;1;10;3;110;3;5;0;1;2;1;1;2;2;1;1;2;2;2;2;2;2;2;2;2;2;2;2;2;2;2;2;2;9;1;2
2022-05-15;1;335071;5783.75;1;10;5;110;1;3;0;1;2;3;1;2;2;1;1;2;2;2;2;2;2;2;2;2;2;2;2;2;2;2;2;2;4;1;1
2022-05-15;1;335078;6402.6;1;10;3;110;3;5;0;1;5;2;1;2;2;3;2;1;1;2;2;2;2;2;1;2;2;1;2;2;2;2;2;2;9;1;2
2022-05-15;1;335090;4823.38;1;10;4;110;3;7;0;1;2;1;1;2;2;1;1;2;2;2;2;2;2;2;2;2;2;2;2;2;2;2;2;2;9;1;2
2022-05-15;1;335097;6289.65;1;10;5;110;3;5;0;1;6;2;1;2;2;3;1;2;2;1;2;2;2;2;2;2;2;2;2;2;2;2;2;2;4;1;2
2022-05-15;1;335109;6039.45;1;10;4;110;3;5;0;1;3;2;1;2;2;2;1;1;1;2;2;2;2;2;2;2;2;2;2;2;2;2;1;2;9;1;2
2022-05-15;1;335111;5113.41;1;10;3;110;3;7;0;1;7;1;1;2;2;3;2;1;1;1;1;2;2;2;2;2;2;2;2;2;2;1;1;2;9;1;2
2022-05-15;1;335118;5830.51;1;10;5;110;3;5;0;2;3;1;1;2;2;2;2;2;2;1;1;2;2;2;2;2;2;2;2;2;2;2;2;2;1;1;2
2022-05-15;1;335130;4790.42;1;10;5;110;2;4;0;1;3;1;1;2;2;2;2;1;1;2;2;2;2;2;2;2;1;2;2;2;2;2;2;2;9;1;1
2022-05-15;1;335138;6039.45;1;10;4;110;3;5;0;1;5;2;1;2;2;3;1;1;2;1;1;2;2;2;2;2;2;2;2;2;2;2;2;1;2;1;2
2022-05-15;1;335144;4823.38;1;10;4;110;3;5;0;1;3;1;1;2;2;2;1;2;2;1;1;2;2;2;2;2;2;2;2;2;2;2;2;2;9;1;2
2022-05-15;1;335145;6508.58;1;10;1;110;1;3;0;1;2;2;1;2;2;1;2;2;2;2;2;2;2;2;2;2;2;2;2;2;2;2;2;2;2;1;1
2022-05-15;1;335147;6475.27;1;10;4;110;2;4;0;2;2;2;1;2;2;1;2;2;2;2;2;2;2;2;2;2;2;2;2;2;2;2;2;2;1;1;1
2022-05-15;1;335153;4526.16;1;10;3;110;1;3;0;1;2;1;1;2;2;1;1;2;2;2;2;2;2;2;2;2;2;2;2;2;2;2;2;2;2;1;1
2022-05-15;1;335154;5660.41;1;10;1;110;1;3;0;2;2;1;1;2;2;1;1;2;2;2;2;2;2;2;2;2;2;2;2;2;2;2;2;2;1;1;1
2022-05-15;1;335156;4952.8;1;10;3;110;3;5;0;1;3;1;1;2;2;2;1;2;2;1;1;2;2;2;2;2;2;2;2;2;2;2;2;2;9;1;2
2022-05-15;1;335165;5023.2;1;10;5;110;3;7;0;1;3;1;1;2;2;2;1;2;2;2;2;2;2;2;2;2;2;2;2;2;2;2;2;2;2;1;2
2022-05-15;1;335169;6035.65;1;10;5;110;2;4;0;1;4;3;1;2;2;2;2;1;1;2;2;2;2;2;2;2;2;1;2;2;2;1;2;2;4;1;1
2022-05-15;1;335172;5254.06;1;10;1;110;2;4;0;1;1;1;1;2;2;1;2;2;2;2;2;2;2;2;2;2;2;2;2;2;2;2;2;2;2;1;1
2022-05-15;1;335176;5747.85;1;10;5;110;1;3;0;1;3;2;1;2;2;2;1;2;2;1;1;2;2;2;2;2;2;2;2;2;2;2;2;2;4;1;1
2022-05-15;1;335197;4952.8;1;10;3;110;3;5;0;1;9;1;1;2;2;3;1;1;1;1;1;2;2;2;2;2;2;1;2;1;2;2;1;2;9;1;2
2022-05-15;1;335205;4952.8;1;10;3;110;3;7;0;1;4;1;1;2;2;2;1;1;2;2;2;2;2;1;2;2;2;2;2;2;2;2;2;2;9;1;2
2022-05-15;1;335220;5915.82;1;10;2;110;2;4;0;1;2;2;1;2;2;1;1;2;2;2;2;2;2;2;2;2;2;2;2;2;2;2;2;2;2;1;1
2022-05-15;1;335235;6039.45;1;10;4;110;3;5;0;1;3;2;1;2;2;2;1;1;1;1;1;2;2;2;2;2;2;2;2;2;1;2;2;2;2;1;2
2022-05-15;1;335245;5809.78;1;10;5;110;2;4;0;1;7;2;1;2;2;3;1;1;1;1;1;2;2;1;2;2;2;2;1;2;1;2;2;2;9;1;1
2022-05-15;1;335256;6289.65;1;10;5;110;3;5;0;1;3;2;1;2;2;2;1;2;2;2;2;2;2;2;2;2;2;2;2;2;2;2;2;2;4;1;2
2022-05-15;1;335258;6077.18;1;10;4;110;3;5;0;1;5;3;1;2;2;3;1;2;2;1;1;2;2;2;2;2;2;2;2;2;2;2;2;2;4;1;2
2022-05-15;1;335262;5747.85;1;10;5;110;1;3;0;1;2;2;1;2;2;1;1;2;2;2;2;2;2;2;2;2;2;2;2;2;2;2;2;2;2;1;1
2022-05-15;1;335284;4952.8;1;10;3;110;3;5;0;1;5;1;1;2;2;3;1;1;1;2;2;2;2;2;2;1;2;2;2;2;2;2;2;2;9;1;2
2022-05-15;1;335286;5186.09;1;10;5;110;3;5;0;1;6;1;1;2;2;3;2;1;1;1;1;2;2;2;2;2;2;2;2;2;2;2;1;1;9;1;2
2022-05-15;1;335295;5843.96;1;10;1;110;1;3;0;2;1;1;1;2;2;1;2;2;2;2;2;2;2;2;2;2;2;2;2;2;2;2;2;2;1;1;1
2022-05-15;1;335314;6235.3;1;10;4;110;3;5;0;1;3;2;1;2;2;2;2;1;1;2;2;2;2;2;2;2;2;1;2;2;2;2;2;2;9;1;2
2022-05-15;1;335317;4590.5;1;10;5;110;1;3;0;1;3;1;1;2;2;2;1;2;2;2;2;2;2;2;2;2;2;2;2;2;2;2;2;2;4;1;1
2022-05-15;1;335318;6328.93;1;10;5;110;3;5;0;1;4;3;1;2;2;2;1;2;2;1;1;2;2;2;2;2;2;2;2;2;2;2;2;2;9;1;2
2022-05-15;1;335324;6201.5;1;10;3;110;3;5;0;1;3;2;1;2;2;2;1;2;2;2;2;2;2;2;2;2;2;2;2;2;2;2;2;2;2;1;2
2022-05-15;1;335341;4823.38;1;10;4;110;3;7;0;1;4;1;1;2;2;2;1;2;2;1;1;2;2;2;2;2;2;2;2;2;2;2;2;2;2;1;2
2022-05-15;1;335349;4823.38;1;10;4;110;3;7;0;1;3;1;1;2;2;2;1;1;1;2;2;2;2;2;2;2;2;2;2;2;1;1;2;2;9;1;2
2022-05-15;1;335356;5023.2;1;10;5;110;3;7;0;1;1;1;1;2;2;1;1;2;2;2;2;2;2;2;2;2;2;2;2;2;2;2;2;2;4;1;2
2022-05-15;1;335369;6035.65;1;10;5;110;2;4;0;1;2;3;1;2;2;1;2;1;1;2;2;2;2;2;2;2;2;2;2;2;2;1;2;2;9;2;1
2022-05-15;1;335377;4979.79;1;10;4;110;3;5;0;1;3;1;1;2;2;2;2;1;1;2;2;2;2;2;2;2;2;2;2;1;2;1;2;2;2;1;2
2022-05-15;1;335397;4979.79;1;10;4;110;3;7;0;1;1;1;1;2;2;1;2;2;2;2;2;2;2;2;2;2;2;2;2;2;2;2;2;2;2;1;2
2022-05-15;1;335408;6077.18;1;10;4;110;3;7;0;1;2;3;1;2;2;1;1;2;2;2;2;2;2;2;2;2;2;2;2;2;2;2;2;2;9;1;2
2022-05-15;1;335416;6612.12;1;10;2;110;3;5;0;1;4;2;1;2;2;2;2;1;2;2;2;1;2;2;1;2;2;2;2;2;2;2;2;2;4;1;2
2022-05-15;1;335419;6972.09;1;10;3;110;3;6;0;2;3;2;1;2;2;2;1;2;2;2;2;2;2;2;2;2;2;2;2;2;2;2;2;2;1;1;2
2022-05-15;1;335424;6328.93;1;10;5;110;3;5;0;1;5;3;1;2;2;3;1;1;1;1;1;2;2;2;1;2;2;1;2;2;2;1;2;2;2;1;2
2022-05-15;1;335441;6240.23;1;10;3;110;3;7;0;1;7;3;1;2;2;3;1;1;1;1;1;2;2;2;2;2;2;2;2;1;2;2;2;2;2;1;2
2022-05-15;1;335454;6077.18;1;10;4;110;3;5;0;1;5;3;1;2;2;3;1;1;1;1;1;2;2;2;1;2;2;2;2;2;2;1;2;2;4;1;2
2022-05-15;1;335461;5422.74;1;10;4;110;3;7;0;2;4;1;1;2;2;2;1;1;1;1;1;2;2;2;2;2;2;2;2;2;2;1;2;2;1;1;2
2022-05-15;1;335469;5422.74;1;10;4;110;3;7;0;2;1;1;1;2;2;1;1;2;2;2;2;2;2;2;2;2;2;2;2;2;2;2;2;2;1;1;2
2022-05-15;1;335473;4550.83;1;10;4;110;1;3;0;1;1;1;1;2;2;1;2;2;2;2;2;2;2;2;2;2;2;2;2;2;2;2;2;2;4;1;1
2022-05-15;1;335474;6328.93;1;10;5;110;3;5;0;1;3;3;1;2;2;2;1;2;2;2;2;2;2;2;2;2;2;2;2;2;2;2;2;2;9;1;2
2022-05-15;1;335475;5764.14;1;10;3;110;2;4;0;1;2;3;1;2;2;1;1;2;2;2;2;2;2;2;2;2;2;2;2;2;2;2;2;2;2;1;1
2022-05-15;1;335497;6289.65;1;10;5;110;3;5;0;1;6;2;1;2;2;3;1;1;1;2;1;2;2;1;2;2;2;2;2;1;2;1;2;1;2;1;2
2022-05-15;1;335507;6404.44;1;10;2;110;3;7;0;1;2;2;1;2;2;1;1;2;2;2;2;2;2;2;2;2;2;2;2;2;2;2;2;2;9;1;2
2022-05-15;1;335509;5647.38;1;10;5;110;3;7;0;2;6;1;1;2;2;3;1;1;1;1;1;2;2;2;2;2;2;2;2;2;2;1;2;2;1;1;2
2022-05-15;1;335517;6289.65;1;10;5;110;3;5;0;1;1;2;1;2;2;1;1;2;2;2;2;2;2;2;2;2;2;2;2;2;2;2;2;2;4;1;2
2022-05-15;1;335520;6235.3;1;10;4;110;3;5;0;1;5;2;1;2;2;3;2;1;1;1;1;2;2;2;2;2;2;2;2;1;2;2;2;1;4;1;2
2022-05-15;1;335529;6578.71;1;10;1;110;2;4;0;1;4;2;1;2;2;2;2;2;2;1;1;2;2;2;2;2;2;2;2;2;2;2;2;2;2;1;1
2022-05-15;1;335543;4952.8;1;10;3;110;3;5;0;1;2;1;1;2;2;1;1;2;2;2;2;2;2;2;2;2;2;2;2;2;2;2;2;2;2;1;2
2022-05-15;1;335556;7071.2;1;10;5;110;3;7;0;2;2;2;1;2;2;1;1;2;2;2;2;2;2;2;2;2;2;2;2;2;2;2;2;2;1;1;2
2022-05-15;1;335557;5023.2;1;10;5;110;3;6;0;1;3;1;1;2;2;2;1;2;2;1;1;2;2;2;2;2;2;2;2;2;2;2;2;2;2;1;2
2022-05-15;1;335558;4526.16;1;10;3;110;1;3;0;1;1;1;1;2;2;1;1;2;2;2;2;2;2;2;2;2;2;2;2;2;2;2;2;2;4;1;1
2022-05-15;1;335566;4823.38;1;10;4;110;3;5;0;1;2;1;1;2;2;1;1;2;2;2;2;2;2;2;2;2;2;2;2;2;2;2;2;2;9;1;2
2022-05-15;1;335585;6039.45;1;10;4;110;3;5;0;1;2;2;1;2;2;1;1;2;2;2;2;2;2;2;2;2;2;2;2;2;2;2;2;2;2;1;2
2022-05-15;1;335594;6039.45;1;10;4;110;3;5;0;1;5;2;1;2;2;3;1;1;1;2;2;2;2;2;2;2;1;1;2;2;2;2;1;2;4;1;2
2022-05-15;1;335599;5186.09;1;10;5;110;3;6;0;1;4;1;1;2;2;2;2;1;1;2;2;2;2;2;1;2;2;2;2;2;2;1;2;2;2;1;2
2022-05-15;1;335619;7115.36;1;10;5;110;3;7;0;2;3;3;1;2;2;2;1;2;2;2;2;2;2;2;2;2;2;2;2;2;2;2;2;2;1;1;2
2022-05-15;1;335632;4790.42;1;10;5;110;2;4;0;1;3;1;1;2;2;2;2;1;2;2;2;2;1;2;2;2;2;2;2;2;2;2;2;2;2;1;1
2022-05-15;1;335637;5809.78;1;10;5;110;2;4;0;1;3;2;1;2;2;2;1;1;1;1;1;2;2;2;2;2;2;2;2;2;2;1;2;2;2;1;1
2022-05-15;1;335644;6789.91;1;10;4;110;3;7;0;2;1;2;1;2;2;1;1;2;2;2;2;2;2;2;2;2;2;2;2;2;2;2;2;2;1;1;2
2022-05-15;1;335645;6039.45;1;10;4;110;3;7;0;1;7;2;1;2;2;3;1;1;1;2;2;2;2;2;2;2;1;2;2;2;1;2;2;2;9;1;2
2022-05-15;1;335650;5660.41;1;10;1;110;1;3;0;2;2;1;1;2;2;1;1;2;2;2;2;2;2;2;2;2;2;2;2;2;2;2;2;2;1;1;1
2022-05-15;1;335656;6201.5;1;10;3;110;3;7;0;1;5;2;1;2;2;3;1;1;1;2;2;2;2;2;2;2;2;2;2;1;2;2;2;2;2;1;2
2022-05-15;1;335657;6898.39;1;10;1;110;3;5;0;1;2;2;1;2;2;1;1;2;2;2;2;2;2;2;2;2;2;2;2;2;2;2;2;2;4;1;2
2022-05-15;1;335660;6201.5;1;10;3;110;3;7;0;1;6;2;1;2;2;3;1;1;1;1;1;2;2;2;2;2;2;2;2;1;2;2;2;2;2;1;2
2022-05-15;1;335662;6832.33;1;10;4;110;3;5;0;2;2;3;1;2;2;1;1;2;2;2;2;2;2;2;2;2;2;2;2;2;2;2;2;2;1;1;2
2022-05-15;1;335668;4952.8;1;10;3;110;3;7;0;1;2;1;1;2;2;1;1;2;2;2;2;2;2;2;2;2;2;2;2;2;2;2;2;2;9;1;2
2022-05-15;1;335672;6289.65;1;10;5;110;3;7;0;1;5;2;1;2;2;3;1;2;2;2;2;2;2;2;2;2;2;2;2;2;2;2;2;2;2;1;2
2022-05-15;1;335673;4952.8;1;10;3;110;3;7;0;1;3;1;1;2;2;2;1;2;2;2;2;2;2;2;2;2;2;2;2;2;2;2;2;2;4;1;2
2022-05-15;1;335676;6328.93;1;10;5;110;3;6;0;1;3;3;1;2;2;2;1;2;2;2;2;2;2;2;2;2;2;2;2;2;2;2;2;2;4;1;2
2022-05-15;1;335683;6240.23;1;10;3;110;3;5;0;1;3;3;1;2;2;2;1;1;1;2;2;2;2;2;2;2;2;2;2;2;1;2;2;2;9;1;2
2022-05-15;1;335686;6289.65;1;10;5;110;3;7;0;1;2;2;1;2;2;1;1;2;2;2;2;2;2;2;2;2;2;2;2;2;2;2;2;2;2;1;2
2022-05-15;1;335688;6289.65;1;10;5;110;3;5;0;1;4;2;1;2;2;2;1;1;2;2;1;2;2;2;2;2;2;2;2;2;2;2;2;1;9;1;2
2022-05-15;1;335692;5667.29;1;10;3;110;1;2;0;1;4;2;1;2;2;2;1;1;1;1;1;2;2;2;2;2;2;2;2;2;2;2;1;2;9;1;1
2022-05-15;1;335699;5023.2;1;10;5;110;3;7;0;1;1;1;1;2;2;1;1;2;2;2;2;2;2;2;2;2;2;2;2;2;2;2;2;2;4;1;2
2022-05-15;1;335703;9068.9;1;10;1;110;1;3;0;1;6;4;1;2;2;3;1;1;1;1;1;2;2;2;2;2;2;2;1;2;2;1;2;2;2;1;1
2022-05-15;1;335705;5598.58;1;10;4;110;3;5;0;2;5;1;1;2;2;3;2;1;1;2;2;2;1;2;1;2;2;2;2;1;2;2;2;2;1;1;2
2022-05-15;1;335713;5254.06;1;10;1;110;2;4;0;1;1;1;1;2;2;1;2;2;2;2;2;2;2;2;2;2;2;2;2;2;2;2;2;2;2;1;1
2022-05-15;1;335722;4526.16;1;10;3;110;1;3;0;1;3;1;1;2;2;2;1;2;2;1;1;2;2;2;2;2;2;2;2;2;2;2;2;2;4;1;1
2022-05-15;1;335731;5023.2;1;10;5;110;3;6;0;1;1;1;1;2;2;1;1;2;2;2;2;2;2;2;2;2;2;2;2;2;2;2;2;2;4;1;2
2022-05-15;1;335754;6549.24;1;10;1;110;1;3;0;1;4;3;1;2;2;2;2;1;1;2;2;2;2;2;2;1;2;2;2;2;1;2;2;2;2;1;1
2022-05-15;1;335769;6289.65;1;10;5;110;3;5;0;1;1;2;1;2;2;1;1;2;2;2;2;2;2;2;2;2;2;2;2;2;2;2;2;2;4;1;2
2022-05-15;1;335790;5830.51;1;10;5;110;3;5;0;2;2;1;1;2;2;1;2;2;2;2;2;2;2;2;2;2;2;2;2;2;2;2;2;2;1;1;2
2022-05-15;1;335799;6444.44;1;10;2;110;3;5;0;1;5;3;1;2;2;3;1;2;2;2;2;2;2;2;2;2;2;2;2;2;2;2;2;2;2;1;2
2022-05-15;1;335802;4407.89;1;10;4;110;1;2;0;1;3;1;1;2;2;2;1;2;2;2;2;2;2;2;2;2;2;2;2;2;2;2;2;2;4;1;1
2022-05-15;1;335804;5809.78;1;10;5;110;2;4;0;1;3;2;1;2;2;2;1;1;1;2;2;2;2;2;2;2;2;2;2;2;2;2;1;2;2;1;1
2022-05-15;1;335805;5186.09;1;10;5;110;3;5;0;1;4;1;1;2;2;2;2;1;1;2;2;2;2;2;2;2;1;2;2;2;1;2;2;2;4;1;2
2022-05-15;1;335806;6493.6;1;10;5;110;3;5;0;1;4;2;1;2;2;2;2;1;2;2;1;2;2;2;1;2;2;2;2;2;2;2;2;1;2;1;2
2022-05-15;1;335811;6289.65;1;10;5;110;3;5;0;1;4;2;1;2;2;2;1;1;2;2;1;2;2;2;2;2;2;2;2;2;2;2;2;1;4;1;2
2022-05-15;1;335812;6289.65;1;10;5;110;3;5;0;1;3;2;1;2;2;2;1;2;2;2;2;2;2;2;2;2;2;2;2;2;2;2;2;2;4;1;2
2022-05-15;1;335813;4590.5;1;10;5;110;1;3;0;1;3;1;1;2;2;2;1;1;2;2;2;2;2;1;2;2;2;2;2;2;2;2;2;2;2;1;1
2022-05-15;1;335818;5023.2;1;10;5;110;3;5;0;1;2;1;1;2;2;1;1;2;2;2;2;2;2;2;2;2;2;2;2;2;2;2;2;2;4;1;2
2022-05-15;1;335825;6343.53;1;10;1;110;1;3;0;1;4;3;1;2;2;2;1;1;1;2;2;2;2;2;2;2;2;2;2;2;1;1;2;2;4;1;1
2022-05-15;1;335828;5009.01;1;10;4;110;2;4;0;2;7;1;1;2;2;3;1;1;1;1;1;2;2;2;2;1;2;2;1;1;2;2;2;2;1;1;1
2022-05-15;1;335830;5023.2;1;10;5;110;3;7;0;1;2;1;1;2;2;1;1;2;2;2;2;2;2;2;2;2;2;2;2;2;2;2;2;2;9;1;2
2022-05-15;1;335834;4590.5;1;10;5;110;1;3;0;1;5;1;1;2;2;3;1;1;1;2;1;2;2;1;2;2;2;2;2;1;2;2;2;1;4;1;1
2022-05-15;1;335836;5647.38;1;10;5;110;3;5;0;2;3;1;1;2;2;2;1;2;2;2;2;2;2;2;2;2;2;2;2;2;2;2;2;2;1;1;2
2022-05-15;1;335852;5023.2;1;10;5;110;3;7;0;1;4;1;1;2;2;2;1;2;2;1;1;2;2;2;2;2;2;2;2;2;2;2;2;2;2;1;2
2022-05-15;1;335866;4526.16;1;10;3;110;1;3;0;1;2;1;1;2;2;1;1;2;2;2;2;2;2;2;2;2;2;2;2;2;2;2;2;2;2;1;1
2022-05-15;1;335870;8536.76;1;10;5;110;1;3;0;1;5;4;1;2;2;3;2;1;1;2;2;2;2;1;2;2;2;1;2;2;1;2;2;2;4;1;1
2022-05-15;1;335898;6785.63;1;10;5;110;2;4;0;2;3;3;1;2;2;2;2;1;1;2;2;2;2;2;1;2;2;1;2;2;2;2;2;2;1;1;1
2022-05-15;1;335899;6289.65;1;10;5;110;3;5;0;1;3;2;1;2;2;2;1;2;2;2;2;2;2;2;2;2;2;2;2;2;2;2;2;2;9;1;2
2022-05-15;1;335909;6328.93;1;10;5;110;3;5;0;1;3;3;1;2;2;2;1;2;2;1;1;2;2;2;2;2;2;2;2;2;2;2;2;2;2;1;2
2022-05-15;1;335912;6240.23;1;10;3;110;3;5;0;1;2;3;1;2;2;1;1;2;2;2;2;2;2;2;2;2;2;2;2;2;2;2;2;2;4;1;2
2022-05-15;1;335926;4407.89;1;10;4;110;1;2;0;1;4;1;1;2;2;2;1;1;2;2;1;2;2;2;2;2;2;2;2;2;2;2;2;1;9;1;1
2022-05-15;1;335952;6289.65;1;10;5;110;3;6;0;1;2;2;1;2;2;1;1;2;2;2;2;2;2;2;2;2;2;2;2;2;2;2;2;2;4;1;2
2022-05-15;1;335953;5023.2;1;10;5;110;3;5;0;1;2;1;1;2;2;1;1;2;2;2;2;2;2;2;2;2;2;2;2;2;2;2;2;2;9;1;2
2022-05-15;1;335969;6289.65;1;10;5;110;3;5;0;1;1;2;1;2;2;1;1;2;2;2;2;2;2;2;2;2;2;2;2;2;2;2;2;2;2;1;2
2022-05-15;1;335982;7071.2;1;10;5;110;3;7;0;2;3;2;1;2;2;2;1;2;2;2;2;2;2;2;2;2;2;2;2;2;2;2;2;2;1;1;2
2022-05-15;1;335983;5113.41;1;10;3;110;3;7;0;1;2;1;1;2;2;1;2;1;1;2;2;2;2;2;2;2;2;2;1;2;2;2;2;2;9;1;2
2022-05-15;1;335986;6289.65;1;10;5;110;3;5;0;1;2;2;1;2;2;1;1;2;2;2;2;2;2;2;2;2;2;2;2;2;2;2;2;2;9;1;2
2022-05-15;1;336030;4823.38;1;10;4;110;3;5;0;1;1;1;1;2;2;1;1;2;2;2;2;2;2;2;2;2;2;2;2;2;2;2;2;2;9;1;2
2022-05-15;1;336039;6898.39;1;10;1;110;3;5;0;1;3;2;1;2;2;2;1;2;2;2;2;2;2;2;2;2;2;2;2;2;2;2;2;2;2;1;2
2022-05-15;1;336040;6328.93;1;10;5;110;3;5;0;1;4;3;1;2;2;2;1;2;2;2;2;2;2;2;2;2;2;2;2;2;2;2;2;2;4;1;2
2022-05-15;1;336050;4639.96;1;10;5;110;2;4;0;1;1;1;1;2;2;1;1;2;2;2;2;2;2;2;2;2;2;2;2;2;2;2;2;2;9;1;1
2022-05-15;1;336067;5971.31;1;10;5;110;1;3;0;1;4;3;1;2;2;2;2;1;1;2;2;2;1;2;2;2;2;2;2;2;2;1;2;2;2;1;1
2022-05-15;1;336078;5568.23;1;10;3;110;3;5;0;2;1;1;1;2;2;1;1;2;2;2;2;2;2;2;2;2;2;2;2;2;2;2;2;2;1;1;2
2022-05-15;1;336094;6039.45;1;10;4;110;3;5;0;1;12;2;1;2;2;3;1;1;1;1;1;2;2;2;1;2;1;2;1;2;1;2;2;2;9;1;2
2022-05-15;1;336107;5385.68;1;10;5;110;2;4;0;2;4;1;1;2;2;2;2;1;1;2;2;2;2;2;1;2;1;2;2;2;2;2;2;2;1;1;1
2022-05-15;1;336118;7200.26;1;10;2;110;3;7;0;2;2;2;1;2;2;1;1;2;2;2;2;2;2;2;2;2;2;2;2;2;2;2;2;2;1;1;2
2022-05-15;1;336143;5186.09;1;10;5;110;3;5;0;1;3;1;1;2;2;2;2;1;1;2;2;2;2;2;2;2;2;2;2;2;2;2;1;2;4;1;2
2022-05-15;1;336146;6328.93;1;10;5;110;3;7;0;1;1;3;1;2;2;1;1;2;2;2;2;2;2;2;2;2;2;2;2;2;2;2;2;2;9;1;2
2022-05-15;1;336150;5009.01;1;10;4;110;2;4;0;2;6;1;1;2;2;3;1;1;1;2;1;2;2;2;2;2;2;2;2;2;1;2;1;1;1;1;1
2022-05-15;1;336165;5568.23;1;10;3;110;3;6;0;2;3;1;1;2;2;2;1;2;2;2;2;2;2;2;2;2;2;2;2;2;2;2;2;2;1;1;2
2022-05-15;1;336190;6107.66;1;10;2;110;2;4;0;1;3;2;1;2;2;2;2;1;2;2;2;2;2;1;2;2;2;2;2;2;2;2;2;2;2;1;1
2022-05-15;1;336202;5830.51;1;10;5;110;3;6;0;2;7;1;1;2;2;3;2;1;1;1;1;2;1;2;2;2;2;2;1;2;2;2;1;2;1;1;2
2022-05-15;1;336223;9341.44;1;10;5;110;3;5;0;1;7;4;1;2;2;3;2;1;1;1;1;2;2;2;2;2;2;2;2;2;2;2;1;1;4;1;2
2022-05-15;1;336224;5023.2;1;10;5;110;3;5;0;1;4;1;1;2;2;2;1;1;1;2;2;2;2;2;2;2;1;2;1;2;2;2;2;2;2;1;2
2022-05-15;1;336236;5186.09;1;10;5;110;3;5;0;1;4;1;1;2;2;2;2;1;1;2;2;2;2;2;1;2;2;2;2;1;2;2;2;2;9;2;2
2022-05-15;1;336250;6201.5;1;10;3;110;3;5;0;1;4;2;1;2;2;2;1;2;2;1;1;2;2;2;2;2;2;2;2;2;2;2;2;2;4;1;2
2022-05-15;1;336259;6201.5;1;10;3;110;3;7;0;1;4;2;1;2;2;2;1;2;2;1;1;2;2;2;2;2;2;2;2;2;2;2;2;2;2;1;2
2022-05-15;1;336262;5688.02;1;10;1;110;3;5;0;1;1;1;1;2;2;1;2;2;2;2;2;2;2;2;2;2;2;2;2;2;2;2;2;2;2;1;2
2022-05-15;1;336276;4639.96;1;10;5;110;2;4;0;1;2;1;1;2;2;1;1;2;2;2;2;2;2;2;2;2;2;2;2;2;2;2;2;2;9;1;1
2022-05-15;1;336285;4825.85;1;10;2;110;1;3;0;1;1;1;1;2;2;1;2;2;2;2;2;2;2;2;2;2;2;2;2;2;2;2;2;2;2;1;1
2022-05-15;1;336296;5578.68;1;10;4;110;2;4;0;1;5;2;1;2;2;3;1;1;2;2;2;2;2;1;2;2;2;2;2;2;2;2;2;2;9;1;1
2022-05-15;1;336316;5971.31;1;10;5;110;1;3;0;1;3;3;1;2;2;2;2;1;2;2;2;1;2;2;2;2;2;2;2;2;2;2;2;2;2;1;1
2022-05-15;1;336329;4455.39;1;10;4;110;2;4;0;1;4;1;1;2;2;2;1;2;2;1;1;2;2;2;2;2;2;2;2;2;2;2;2;2;4;1;1
2022-05-15;1;336343;6972.09;1;10;3;110;3;5;0;2;4;2;1;2;2;2;1;2;2;2;2;2;2;2;2;2;2;2;2;2;2;2;2;2;1;1;2
2022-05-15;1;336353;6039.45;1;10;4;110;3;5;0;1;1;2;1;2;2;1;1;2;2;2;2;2;2;2;2;2;2;2;2;2;2;2;2;2;9;1;2
2022-05-15;1;336387;6972.09;1;10;3;110;3;5;0;2;4;2;1;2;2;2;1;1;1;2;2;2;2;2;2;1;2;2;2;2;2;2;1;2;1;1;2
2022-05-15;1;336398;6039.45;1;10;4;110;3;5;0;1;4;2;1;2;2;2;1;2;2;1;1;2;2;2;2;2;2;2;2;2;2;2;2;2;9;1;2
2022-05-15;1;336400;5721.4;1;10;1;110;2;4;0;2;2;1;1;2;2;1;1;2;2;2;2;2;2;2;2;2;2;2;2;2;2;2;2;2;1;1;1
2022-05-15;1;336402;4574.93;1;10;3;110;2;4;0;1;5;1;1;2;2;3;1;1;1;1;1;2;2;2;2;2;2;1;2;2;2;2;2;1;9;1;1
2022-05-15;1;336403;6898.39;1;10;1;110;3;5;0;1;3;2;1;2;2;2;1;2;2;1;1;2;2;2;2;2;2;2;2;2;2;2;2;2;2;1;2
2022-05-15;1;336408;6789.91;1;10;4;110;3;5;0;2;3;2;1;2;2;2;1;2;2;1;1;2;2;2;2;2;2;2;2;2;2;2;2;2;1;1;2
2022-05-15;1;336427;4823.38;1;10;4;110;3;5;0;1;4;1;1;2;2;2;1;1;1;2;2;2;2;2;2;2;2;1;2;1;2;2;2;2;9;1;2
2022-05-15;1;336431;4952.8;1;10;3;110;3;7;0;1;2;1;1;2;2;1;1;2;2;2;2;2;2;2;2;2;2;2;2;2;2;2;2;2;9;1;2
2022-05-15;1;336432;5613.52;1;10;4;110;2;4;0;1;4;3;1;2;2;2;1;1;1;1;1;2;2;2;2;2;2;2;2;2;2;1;2;2;2;1;1
2022-05-15;1;336443;5310.2;1;10;3;110;2;4;0;2;2;1;1;2;2;1;2;2;2;2;2;2;2;2;2;2;2;2;2;2;2;2;2;2;1;1;1
2022-05-15;1;336455;6304.15;1;10;1;110;1;2;0;1;3;2;1;2;2;2;1;1;1;2;2;2;2;2;2;2;2;2;2;1;2;2;2;2;2;1;1
2022-05-15;1;336456;6531.71;1;10;5;110;2;4;0;2;2;2;1;2;2;1;1;2;2;1;1;2;2;2;2;2;2;2;2;2;2;2;2;2;1;1;1
2022-05-15;1;336465;5009.01;1;10;4;110;2;4;0;2;3;1;1;2;2;2;1;2;2;2;2;2;2;2;2;2;2;2;2;2;2;2;2;2;1;1;1
2022-05-15;1;336474;5422.74;1;10;4;110;3;5;0;2;3;1;1;2;2;2;1;1;1;2;2;2;2;2;2;2;2;2;2;1;2;2;2;2;1;1;2
2022-05-15;1;336482;4979.79;1;10;4;110;3;5;0;1;2;1;1;2;2;1;2;1;1;2;2;2;2;2;2;1;2;2;2;2;2;2;2;2;9;1;2
2022-05-15;1;336486;5647.38;1;10;5;110;3;7;0;2;2;1;1;2;2;1;1;2;2;2;2;2;2;2;2;2;2;2;2;2;2;2;2;2;1;1;2
2022-05-15;1;336505;6328.93;1;10;5;110;3;5;0;1;3;3;1;2;2;2;1;2;2;2;2;2;2;2;2;2;2;2;2;2;2;2;2;2;4;1;2
2022-05-15;1;336506;4526.16;1;10;3;110;1;3;0;1;2;1;1;2;2;1;1;2;2;2;2;2;2;2;2;2;2;2;2;2;2;2;2;2;9;1;1
2022-05-15;1;336508;4674.28;1;10;2;110;1;3;0;1;1;1;1;2;2;1;1;2;2;2;2;2;2;2;2;2;2;2;2;2;2;2;2;2;2;1;1
2022-05-15;1;336509;6404.44;1;10;2;110;3;5;0;1;4;2;1;2;2;2;1;1;1;1;2;2;2;2;2;2;2;2;2;2;2;2;1;2;4;1;2
2022-05-15;1;336519;5647.38;1;10;5;110;3;5;0;2;2;1;1;2;2;1;1;1;1;2;2;2;2;2;2;2;2;2;2;2;2;2;1;2;1;1;2
2022-05-15;1;336535;4574.93;1;10;3;110;2;4;0;1;6;1;1;2;2;3;1;1;1;1;1;2;2;2;2;2;2;2;2;1;2;2;2;2;9;1;1
2022-05-15;1;336547;4599.86;1;10;4;110;2;4;0;1;2;1;1;2;2;1;2;1;1;2;2;2;2;2;2;2;2;2;1;2;2;2;2;2;4;1;1
2022-05-15;1;336548;6201.5;1;10;3;110;3;5;0;1;4;2;1;2;2;2;1;2;2;2;2;2;2;2;2;2;2;2;2;2;2;2;2;2;9;1;2
2022-05-15;1;336560;5728.36;1;10;3;110;2;4;0;1;2;2;1;2;2;1;1;2;2;2;2;2;2;2;2;2;2;2;2;2;2;2;2;2;4;1;1
2022-05-15;1;336576;5422.74;1;10;4;110;3;5;0;2;2;1;1;2;2;1;1;2;2;1;1;2;2;2;2;2;2;2;2;2;2;2;2;2;1;1;2
2022-05-15;1;336577;5728.36;1;10;3;110;2;4;0;1;1;2;1;2;2;1;1;2;2;2;2;2;2;2;2;2;2;2;2;2;2;2;2;2;2;1;1
2022-05-15;1;336578;6201.5;1;10;3;110;3;5;0;1;2;2;1;2;2;1;1;2;2;2;2;2;2;2;2;2;2;2;2;2;2;2;2;2;4;1;2
2022-05-15;1;336588;6372.08;1;10;1;110;2;4;0;1;2;2;1;2;2;1;1;2;2;1;1;2;2;2;2;2;2;2;2;2;2;2;2;2;2;1;1
2022-05-15;1;336589;10172.34;1;10;5;110;3;5;0;2;4;4;1;2;2;2;1;1;2;1;1;2;2;2;2;2;2;2;2;2;2;2;2;1;1;1;2
2022-05-15;1;336599;6402.6;1;10;3;110;3;5;0;1;6;2;1;2;2;3;2;1;1;1;1;2;2;1;2;2;2;2;2;2;2;1;2;2;4;1;2
2022-05-15;1;336609;6240.23;1;10;3;110;3;5;0;1;4;3;1;2;2;2;1;2;2;1;2;2;2;2;2;2;2;2;2;2;2;2;2;2;9;1;2
2022-05-15;1;336610;6898.39;1;10;1;110;3;6;0;1;2;2;1;2;2;1;1;2;2;2;2;2;2;2;2;2;2;2;2;2;2;2;2;2;2;1;2
2022-05-15;1;336613;5667.29;1;10;3;110;1;3;0;1;2;2;1;2;2;1;1;2;2;2;2;2;2;2;2;2;2;2;2;2;2;2;2;2;4;1;1
2022-05-15;1;336621;5578.68;1;10;4;110;2;4;0;1;4;2;1;2;2;2;1;2;2;1;1;2;2;2;2;2;2;2;2;2;2;2;2;2;4;1;1
2022-05-15;1;336623;4952.8;1;10;3;110;3;5;0;1;6;1;1;2;2;3;1;1;1;1;1;2;2;2;2;2;2;2;2;1;2;1;2;2;2;1;2
2022-05-15;1;336630;4952.8;1;10;3;110;3;5;0;1;6;1;1;2;2;3;1;1;1;1;1;2;2;2;2;2;2;1;2;1;2;2;2;1;9;1;2
2022-05-15;1;336652;6289.65;1;10;5;110;3;7;0;1;2;2;1;2;2;1;1;2;2;2;2;2;2;2;2;2;2;2;2;2;2;2;2;2;9;2;2
2022-05-15;1;336656;6201.5;1;10;3;110;3;5;0;1;2;2;1;2;2;1;1;2;2;2;2;2;2;2;2;2;2;2;2;2;2;2;2;2;9;2;2
2022-05-15;1;336668;4952.8;1;10;3;110;3;6;0;1;2;1;1;2;2;1;1;2;2;2;2;2;2;2;2;2;2;2;2;2;2;2;2;2;9;1;2
2022-05-15;1;336680;4574.93;1;10;3;110;2;4;0;1;1;1;1;2;2;1;1;2;2;2;2;2;2;2;2;2;2;2;2;2;2;2;2;2;2;1;1
2022-05-15;1;336690;5114.88;1;10;2;110;3;5;0;1;6;1;1;2;2;3;1;1;1;2;2;2;1;2;2;2;2;1;1;2;2;2;1;2;2;1;2
2022-05-15;1;336702;5783.75;1;10;5;110;1;3;0;1;3;3;1;2;2;2;1;1;2;2;1;2;2;2;2;2;2;2;2;2;2;2;2;1;9;1;1
2022-05-15;1;336706;6240.23;1;10;3;110;3;5;0;1;10;3;1;2;2;3;1;1;1;1;2;2;2;1;1;2;1;2;2;2;2;2;2;2;9;1;2
2022-05-15;1;336713;5747.85;1;10;5;110;1;3;0;1;3;2;1;2;2;2;1;2;2;2;2;2;2;2;2;2;2;2;2;2;2;2;2;2;4;1;1
2022-05-15;1;336716;5216.52;1;10;5;110;2;4;0;2;1;1;1;2;2;1;1;2;2;2;2;2;2;2;2;2;2;2;2;2;2;2;2;2;1;1;1
2022-05-15;1;336722;7131.78;1;10;1;110;1;2;0;2;5;3;1;2;2;3;1;2;2;1;1;2;2;2;2;2;2;2;2;2;2;2;2;2;1;1;1
2022-05-15;1;336726;6201.5;1;10;3;110;3;7;0;1;3;2;1;2;2;2;1;1;2;2;2;2;2;2;1;2;2;2;2;2;2;2;2;2;9;1;2
2022-05-15;1;336747;5647.38;1;10;5;110;3;5;0;2;1;1;1;2;2;1;1;2;2;2;2;2;2;2;2;2;2;2;2;2;2;2;2;2;1;1;2
2022-05-15;1;336754;6039.45;1;10;4;110;3;5;0;1;2;2;1;2;2;1;1;2;2;2;2;2;2;2;2;2;2;2;2;2;2;2;2;2;9;1;2
2022-05-15;1;336763;6493.6;1;10;5;110;3;5;0;1;2;2;1;2;2;1;2;1;1;2;2;2;2;2;2;2;2;2;2;2;1;2;2;2;2;1;2
2022-05-15;1;336774;4639.96;1;10;5;110;2;4;0;1;2;1;1;2;2;1;1;2;2;1;1;2;2;2;2;2;2;2;2;2;2;2;2;2;2;1;1
2022-05-15;1;336781;5422.74;1;10;4;110;3;6;0;2;2;1;1;2;2;1;1;2;2;2;2;2;2;2;2;2;2;2;2;2;2;2;2;2;1;1;2
2022-05-15;1;336783;5089.03;1;10;1;110;2;4;0;1;1;1;1;2;2;1;1;2;2;2;2;2;2;2;2;2;2;2;2;2;2;2;2;2;2;1;1
2022-05-15;1;336794;5034.78;1;10;1;110;1;3;0;1;2;1;1;2;2;1;1;2;2;2;2;2;2;2;2;2;2;2;2;2;2;2;2;2;2;1;1
2022-05-15;1;336795;5750.45;1;10;2;110;3;5;0;2;2;1;1;2;2;1;1;2;2;2;2;2;2;2;2;2;2;2;2;2;2;2;2;2;1;1;2
2022-05-15;1;336807;5089.03;1;10;1;110;2;4;0;1;1;1;1;2;2;1;1;2;2;2;2;2;2;2;2;2;2;2;2;2;2;2;2;2;2;1;1
2022-05-15;1;336810;4526.16;1;10;3;110;1;3;0;1;5;1;1;2;2;3;1;2;2;1;1;2;2;2;2;2;2;2;2;2;2;2;2;2;4;1;1
2022-05-15;1;336824;9048.03;1;10;5;110;3;6;0;1;5;4;1;2;2;3;1;2;2;1;2;2;2;2;2;2;2;2;2;2;2;2;2;2;2;1;2
2022-05-15;1;336825;6612.12;1;10;2;110;3;5;0;1;5;2;1;2;2;3;2;1;1;1;1;2;2;2;2;2;2;2;2;1;2;2;2;1;2;1;2
2022-05-15;1;336831;6039.45;1;10;4;110;3;5;0;1;2;2;1;2;2;1;1;1;1;2;2;2;2;2;2;2;2;2;2;2;1;2;2;2;9;1;2
2022-05-15;1;336834;5186.09;1;10;5;110;3;5;0;1;3;1;1;2;2;2;2;2;2;1;2;2;2;2;2;2;2;2;2;2;2;2;2;2;2;1;2
2022-05-15;1;336861;5851.07;1;10;3;110;1;3;0;1;5;2;1;2;2;3;2;1;1;2;2;2;2;2;2;2;1;2;2;2;2;1;2;2;2;1;1
2022-05-15;1;336871;6534.16;1;10;5;110;3;5;0;1;4;3;1;2;2;2;2;1;1;2;2;1;2;2;2;1;2;2;2;2;2;2;2;2;4;1;2
2022-05-15;1;336878;4952.8;1;10;3;110;3;6;0;1;1;1;1;2;2;1;1;2;2;2;2;2;2;2;2;2;2;2;2;2;2;2;2;2;9;1;2
2022-05-15;1;336884;4823.38;1;10;4;110;3;5;0;1;2;1;1;2;2;1;1;2;2;2;2;2;2;2;2;2;2;2;2;2;2;2;2;2;9;1;2
2022-05-15;1;336899;4823.38;1;10;4;110;3;5;0;1;5;1;1;2;2;3;1;1;1;1;1;2;2;2;2;2;2;2;2;2;2;2;1;2;2;1;2
2022-05-15;1;336900;6039.45;1;10;4;110;3;5;0;1;3;2;1;2;2;2;1;2;2;1;2;2;2;2;2;2;2;2;2;2;2;2;2;2;9;1;2
2022-05-15;1;336912;6235.3;1;10;4;110;3;5;0;1;7;2;1;2;2;3;2;1;1;1;1;2;2;2;2;1;1;2;2;2;2;2;1;2;4;1;2
2022-05-15;1;336944;6372.08;1;10;1;110;2;4;0;1;3;2;1;2;2;2;1;2;2;1;1;2;2;2;2;2;2;2;2;2;2;2;2;2;2;1;1
2022-05-15;1;336951;6534.16;1;10;5;110;3;6;0;1;6;3;1;2;2;3;2;1;1;2;2;2;2;2;2;2;1;2;1;2;2;1;1;2;9;1;2
2022-05-15;1;336964;4455.39;1;10;4;110;2;4;0;1;3;1;1;2;2;2;1;2;2;1;1;2;2;2;2;2;2;2;2;2;2;2;2;2;4;1;1
2022-05-15;1;336974;4952.8;1;10;3;110;3;5;0;1;2;1;1;2;2;1;1;2;2;2;2;2;2;2;2;2;2;2;2;2;2;2;2;2;9;1;2
2022-05-15;1;336983;4823.38;1;10;4;110;3;6;0;1;4;1;1;2;2;2;1;2;2;1;1;2;2;2;2;2;2;2;2;2;2;2;2;2;9;1;2
2022-05-15;1;336992;4952.8;1;10;3;110;3;7;0;1;4;1;1;2;2;2;1;2;2;2;2;2;2;2;2;2;2;2;2;2;2;2;2;2;4;1;2
2022-05-15;1;337001;4952.8;1;10;3;110;3;5;0;1;6;1;1;2;2;3;1;1;1;2;2;2;2;2;2;2;2;2;2;1;2;2;1;2;2;1;2
2022-05-15;1;337011;5759.58;1;10;4;110;2;4;0;1;3;2;1;2;2;2;2;1;2;2;2;2;2;2;1;2;2;2;2;2;2;2;2;2;9;1;1
2022-05-15;1;337013;9068.9;1;10;1;110;1;3;0;1;3;4;1;2;2;2;1;1;1;2;2;2;2;2;2;2;2;2;2;1;2;2;2;2;2;1;1
2022-05-15;1;337014;6304.15;1;10;1;110;1;3;0;1;1;2;1;2;2;1;1;2;2;2;2;2;2;2;2;2;2;2;2;2;2;2;2;2;2;1;1
2022-05-15;1;337015;4790.42;1;10;5;110;2;4;0;1;4;1;1;2;2;2;2;1;1;2;2;2;2;2;2;2;2;1;2;2;1;2;1;2;9;1;1
2022-05-15;1;337030;6201.5;1;10;3;110;3;5;0;1;3;2;1;2;2;2;1;2;2;1;1;2;2;2;2;2;2;2;2;2;2;2;2;2;2;1;2
2022-05-15;1;337040;5568.23;1;10;3;110;3;7;0;2;1;1;1;2;2;1;1;2;2;2;2;2;2;2;2;2;2;2;2;2;2;2;2;2;1;1;2
2022-05-15;1;337060;7300.5;1;10;5;110;3;5;0;2;3;2;1;2;2;2;2;1;1;2;2;2;2;2;2;1;2;2;2;2;2;2;2;2;1;1;2
2022-05-15;1;337069;4574.93;1;10;3;110;2;4;0;1;1;1;1;2;2;1;1;2;2;2;2;2;2;2;2;2;2;2;2;2;2;2;2;2;9;1;1
2022-05-15;1;337078;5034.78;1;10;1;110;1;3;0;1;3;1;1;2;2;2;1;2;2;2;2;2;2;2;2;2;2;2;2;2;2;2;2;2;2;1;1
2022-05-15;1;337079;6289.65;1;10;5;110;3;5;0;1;1;2;1;2;2;1;1;2;2;2;2;2;2;2;2;2;2;2;2;2;2;2;2;2;9;1;2
2022-05-15;1;337081;5198.05;1;10;1;110;1;3;0;1;3;1;1;2;2;2;2;1;2;2;2;2;2;1;2;2;2;2;2;2;2;2;2;2;4;1;1
2022-05-15;1;337091;6039.45;1;10;4;110;3;5;0;1;8;2;1;2;2;3;1;1;1;1;1;2;2;2;2;2;2;1;2;1;2;2;2;2;4;1;2
2022-05-15;1;337092;5216.52;1;10;5;110;2;4;0;2;3;1;1;2;2;2;1;2;2;1;1;2;2;2;2;2;2;2;2;2;2;2;2;2;1;1;1
2022-05-15;1;337093;9166.62;1;10;1;110;2;4;0;1;3;4;1;2;2;2;1;2;2;1;1;2;2;2;2;2;2;2;2;2;2;2;2;2;4;1;1
2022-05-15;1;337120;6343.53;1;10;1;110;1;3;0;1;3;3;1;2;2;2;1;2;2;2;2;2;2;2;2;2;2;2;2;2;2;2;2;2;2;1;1
2022-05-15;1;337136;5846.07;1;10;5;110;2;4;0;1;4;3;1;2;2;2;1;2;2;2;2;2;2;2;2;2;2;2;2;2;2;2;2;2;4;1;1
2022-05-15;1;337137;5843.96;1;10;1;110;1;2;0;2;1;1;1;2;2;1;2;2;2;2;2;2;2;2;2;2;2;2;2;2;2;2;2;2;1;1;1
2022-05-15;1;337160;5914.12;1;10;3;110;2;4;0;1;3;2;1;2;2;2;2;2;2;1;1;2;2;2;2;2;2;2;2;2;2;2;2;2;4;1;1
2022-05-15;1;337171;5750.45;1;10;2;110;3;5;0;2;3;1;1;2;2;2;1;1;1;2;2;2;2;2;2;2;2;2;2;2;2;2;1;2;1;1;2
2022-05-15;1;337192;6372.08;1;10;1;110;2;4;0;1;1;2;1;2;2;1;1;2;2;2;2;2;2;2;2;2;2;2;2;2;2;2;2;2;2;1;1
2022-05-15;1;337204;6311.06;1;10;4;110;2;4;0;2;4;3;1;2;2;2;1;2;2;1;1;2;2;2;2;2;2;2;2;2;2;2;2;2;1;1;1
2022-05-15;1;337205;5728.36;1;10;3;110;2;4;0;1;4;2;1;2;2;2;1;2;2;1;1;2;2;2;2;2;2;2;2;2;2;2;2;2;9;1;1
2022-05-15;1;337206;5934.24;1;10;5;110;1;3;0;1;3;2;1;2;2;2;2;1;1;2;2;2;2;2;2;2;2;1;2;2;2;2;2;2;2;1;1
2022-05-15;1;337217;5385.68;1;10;5;110;2;4;0;2;3;1;1;2;2;2;2;2;2;2;2;2;2;2;2;2;2;2;2;2;2;2;2;2;1;1;1
2022-05-15;1;337228;4823.38;1;10;4;110;3;6;0;1;1;1;1;2;2;1;1;2;2;2;2;2;2;2;2;2;2;2;2;2;2;2;2;2;9;1;2
2022-05-15;1;337229;4979.79;1;10;4;110;3;5;0;1;5;1;1;2;2;3;2;2;2;1;1;2;2;2;2;2;2;2;2;2;2;2;2;2;4;1;2
2022-05-15;1;337256;6039.45;1;10;4;110;3;5;0;1;4;2;1;2;2;2;1;2;2;1;1;2;2;2;2;2;2;2;2;2;2;2;2;2;4;1;2
2022-05-15;1;337275;5034.78;1;10;1;110;1;3;0;1;4;1;1;2;2;2;1;1;2;2;2;2;1;2;2;2;2;2;2;2;2;2;2;2;4;1;1
2022-05-15;1;337278;5647.38;1;10;5;110;3;5;0;2;4;1;1;2;2;2;1;2;2;1;2;2;2;2;2;2;2;2;2;2;2;2;2;2;1;1;2
2022-05-15;1;337293;5759.58;1;10;4;110;2;4;0;1;2;2;1;2;2;1;2;2;2;2;2;2;2;2;2;2;2;2;2;2;2;2;2;2;9;5;1
2022-05-15;1;337308;5647.38;1;10;5;110;3;6;0;2;3;1;1;2;2;2;1;2;2;1;1;2;2;2;2;2;2;2;2;2;2;2;2;2;1;1;2
2022-05-15;1;337326;5613.52;1;10;4;110;2;4;0;1;2;3;1;2;2;1;1;2;2;2;2;2;2;2;2;2;2;2;2;2;2;2;2;2;4;1;1
2022-05-15;1;337327;4599.86;1;10;4;110;2;4;0;1;6;1;1;2;2;3;2;1;1;1;1;2;2;2;2;2;2;1;2;2;2;2;1;2;9;1;1
2022-05-15;1;337349;5809.78;1;10;5;110;2;4;0;1;2;2;1;2;2;1;1;2;2;2;2;2;2;2;2;2;2;2;2;2;2;2;2;2;4;1;1
2022-05-15;1;337350;5764.14;1;10;3;110;2;4;0;1;4;3;1;2;2;2;1;2;2;2;2;2;2;2;2;2;2;2;2;2;2;2;2;2;2;1;1
2022-05-15;1;337351;4723.28;1;10;3;110;2;4;0;1;2;1;1;2;2;1;2;2;2;2;2;2;2;2;2;2;2;2;2;2;2;2;2;2;9;2;1
2022-05-15;1;337354;5114.88;1;10;2;110;3;5;0;1;2;1;1;2;2;1;1;2;2;1;1;2;2;2;2;2;2;2;2;2;2;2;2;2;2;1;2
2022-05-15;1;337367;6077.18;1;10;4;110;3;5;0;1;8;3;1;2;2;3;1;1;1;2;2;2;1;2;2;2;2;2;2;2;2;1;1;2;9;1;2
2022-05-15;1;337383;6578.71;1;10;1;110;2;4;0;1;2;2;1;2;2;1;2;2;2;2;2;2;2;2;2;2;2;2;2;2;2;2;2;2;4;1;1
2022-05-15;1;337394;6077.18;1;10;4;110;3;5;0;1;11;3;1;2;2;3;1;1;1;1;1;2;2;2;2;2;2;2;1;1;2;2;2;2;4;1;2
2022-05-15;1;337395;5915.82;1;10;2;110;2;4;0;1;2;2;1;2;2;1;1;2;2;2;2;2;2;2;2;2;2;2;2;2;2;2;2;2;2;1;1
2022-05-15;1;337410;6493.6;1;10;5;110;3;6;0;1;3;2;1;2;2;2;2;1;2;2;2;2;2;2;1;2;2;2;2;2;2;2;2;2;4;1;2
2022-05-15;1;337419;7939.71;1;10;4;110;1;3;0;1;5;4;1;2;2;3;1;1;1;1;1;2;2;2;2;2;2;2;2;2;2;2;1;2;4;1;1
2022-05-15;1;337433;5089.03;1;10;1;110;2;4;0;1;3;1;1;2;2;2;1;2;2;1;1;2;2;2;2;2;2;2;2;2;2;2;2;2;2;1;1
2022-05-15;1;337441;4599.86;1;10;4;110;2;4;0;1;2;1;1;2;2;1;2;2;2;2;2;2;2;2;2;2;2;2;2;2;2;2;2;2;4;1;1
2022-05-15;1;337454;6402.6;1;10;3;110;3;5;0;1;2;2;1;2;2;1;2;2;2;2;2;2;2;2;2;2;2;2;2;2;2;2;2;2;9;1;2
2022-05-15;1;337457;4790.42;1;10;5;110;2;4;0;1;3;1;1;2;2;2;2;1;1;2;2;2;2;2;2;2;2;2;2;2;1;2;1;2;4;1;1
2022-05-15;1;337468;5114.88;1;10;2;110;3;5;0;1;3;1;1;2;2;2;1;2;2;2;2;2;2;2;2;2;2;2;2;2;2;2;2;2;4;1;2
2022-05-15;1;337477;4574.93;1;10;3;110;2;4;0;1;3;1;1;2;2;2;1;1;2;2;1;2;2;2;2;2;2;2;2;2;2;2;2;1;2;1;1
2022-05-15;1;337492;6039.45;1;10;4;110;3;5;0;1;2;2;1;2;2;1;1;2;2;2;2;2;2;2;2;2;2;2;2;2;2;2;2;2;4;1;2
2022-05-15;1;337493;5698.18;1;10;4;110;1;3;0;1;2;2;1;2;2;1;2;2;2;2;2;2;2;2;2;2;2;2;2;2;2;2;2;2;2;1;1
2022-05-15;1;337501;5422.74;1;10;4;110;3;5;0;2;4;1;1;2;2;2;1;1;1;2;2;2;2;2;2;2;2;2;2;1;2;2;2;2;1;1;2
2022-05-15;1;337502;5171.44;1;10;4;110;2;4;0;2;6;1;1;2;2;3;2;1;1;2;2;2;2;2;2;2;2;2;2;2;1;2;1;2;1;1;1
2022-05-15;1;337503;9213.17;1;10;2;110;3;5;0;1;4;4;1;2;2;2;1;1;2;1;1;2;2;2;2;2;2;2;2;2;2;2;2;1;2;1;2
2022-05-15;1;337511;5578.68;1;10;4;110;2;4;0;1;3;2;1;2;2;2;1;2;2;2;2;2;2;2;2;2;2;2;2;2;2;2;2;2;9;1;1
2022-05-15;1;337514;6039.45;1;10;4;110;3;6;0;1;4;2;1;2;2;2;1;2;2;2;2;2;2;2;2;2;2;2;2;2;2;2;2;2;4;1;2
2022-05-15;1;337518;5310.2;1;10;3;110;2;4;0;2;1;1;1;2;2;1;2;2;2;2;2;2;2;2;2;2;2;2;2;2;2;2;2;2;1;1;1
2022-05-15;1;337529;6289.65;1;10;5;110;3;6;0;1;2;2;1;2;2;1;1;2;2;1;2;2;2;2;2;2;2;2;2;2;2;2;2;2;4;1;2
2022-05-15;1;337532;6201.5;1;10;3;110;3;5;0;1;3;2;1;2;2;2;1;2;2;2;2;2;2;2;2;2;2;2;2;2;2;2;2;2;4;1;2
2022-05-15;1;337541;5728.36;1;10;3;110;2;4;0;1;3;2;1;2;2;2;1;2;2;2;2;2;2;2;2;2;2;2;2;2;2;2;2;2;2;1;1
2022-05-15;1;337543;5568.23;1;10;3;110;3;5;0;2;4;1;1;2;2;2;1;1;1;1;1;2;2;2;2;2;1;2;2;2;2;1;2;2;1;1;2
2022-05-15;1;337546;4877.85;1;10;2;110;2;4;0;1;3;1;1;2;2;2;2;2;2;2;2;2;2;2;2;2;2;2;2;2;2;2;2;2;2;1;1
2022-05-15;1;337555;4823.38;1;10;4;110;3;5;0;1;4;1;1;2;2;2;1;2;2;1;2;2;2;2;2;2;2;2;2;2;2;2;2;2;9;1;2
2022-05-15;1;337560;6235.3;1;10;4;110;3;5;0;1;5;2;1;2;2;3;2;1;1;2;2;2;2;1;2;2;2;2;2;2;1;2;1;2;4;1;2
2022-05-15;1;337561;6578.71;1;10;1;110;2;4;0;1;5;2;1;2;2;3;2;1;1;2;2;1;2;2;2;2;2;1;2;2;2;2;2;2;2;1;1
2022-05-15;1;337563;6304.15;1;10;1;110;1;3;0;1;4;2;1;2;2;2;1;1;1;2;2;2;2;2;2;2;1;2;2;2;2;2;2;2;2;1;1
2022-05-15;1;337570;6107.66;1;10;2;110;2;4;0;1;5;2;1;2;2;3;2;1;1;2;2;1;2;1;2;2;2;1;2;2;2;2;2;2;4;1;1
2022-05-15;1;337579;4979.79;1;10;4;110;3;5;0;1;3;1;1;2;2;2;2;2;2;2;2;2;2;2;2;2;2;2;2;2;2;2;2;2;9;1;2
2022-05-15;1;337594;5113.41;1;10;3;110;3;6;0;1;2;1;1;2;2;1;2;2;2;2;2;2;2;2;2;2;2;2;2;2;2;2;2;2;9;1;2
2022-05-15;1;337601;6289.65;1;10;5;110;3;6;0;1;4;2;1;2;2;2;1;2;2;1;1;2;2;2;2;2;2;2;2;2;2;2;2;2;4;1;2
2022-05-15;1;337617;5568.23;1;10;3;110;3;5;0;2;1;1;1;2;2;1;1;2;2;2;2;2;2;2;2;2;2;2;2;2;2;2;2;2;1;1;2
2022-05-15;1;337634;6493.6;1;10;5;110;3;5;0;1;1;2;1;2;2;1;2;2;2;2;2;2;2;2;2;2;2;2;2;2;2;2;2;2;2;1;2
2022-05-15;1;337641;6235.3;1;10;4;110;3;5;0;1;3;2;1;2;2;2;2;2;2;2;2;2;2;2;2;2;2;2;2;2;2;2;2;2;2;1;2
2022-05-15;1;337647;5914.12;1;10;3;110;2;4;0;1;4;2;1;2;2;2;2;1;1;2;2;2;2;2;2;2;2;2;1;2;2;1;2;2;2;1;1
2022-05-15;1;337649;6898.39;1;10;1;110;3;5;0;1;4;2;1;2;2;2;1;1;1;2;2;2;2;2;2;2;2;1;2;2;2;2;2;2;2;1;2
2022-05-15;1;337650;6404.44;1;10;2;110;3;6;0;1;5;2;1;2;2;3;1;2;2;1;1;2;2;2;2;2;2;2;2;2;2;2;2;2;2;1;2
2022-05-15;1;337657;6372.08;1;10;1;110;2;4;0;1;2;2;1;2;2;1;1;1;2;2;1;2;2;2;2;2;2;2;2;2;2;2;2;1;2;1;1
2022-05-15;1;337658;5998.18;1;10;5;110;2;4;0;1;2;2;1;2;2;1;2;1;1;2;2;2;2;2;2;2;1;2;2;2;2;2;2;2;2;1;1
2022-05-15;1;337665;4823.38;1;10;4;110;3;5;0;1;2;1;1;2;2;1;1;2;2;1;1;2;2;2;2;2;2;2;2;2;2;2;2;2;9;1;2
2022-05-15;1;337668;6039.45;1;10;4;110;3;7;0;1;4;2;1;2;2;2;1;2;2;1;1;2;2;2;2;2;2;2;2;2;2;2;2;2;9;1;2
2022-05-15;1;337670;5728.36;1;10;3;110;2;4;0;1;1;2;1;2;2;1;1;2;2;2;2;2;2;2;2;2;2;2;2;2;2;2;2;2;2;1;1
2022-05-15;1;337696;5783.75;1;10;5;110;1;3;0;1;4;3;1;2;2;2;1;1;1;1;2;2;2;2;2;2;2;2;2;2;2;1;2;2;4;1;1
2022-05-15;1;337697;6201.5;1;10;3;110;3;6;0;1;3;2;1;2;2;2;1;2;2;2;2;2;2;2;2;2;2;2;2;2;2;2;2;2;9;1;2
2022-05-15;1;337699;6201.5;1;10;3;110;3;5;0;1;2;2;1;2;2;1;1;2;2;2;2;2;2;2;2;2;2;2;2;2;2;2;2;2;9;1;2
2022-05-15;1;337724;5667.29;1;10;3;110;1;3;0;1;4;2;1;2;2;2;1;1;2;1;1;2;2;2;2;2;2;2;2;2;2;2;2;1;2;1;1
2022-05-15;1;337726;5759.58;1;10;4;110;2;4;0;1;5;2;1;2;2;3;2;1;2;2;1;2;2;1;2;2;2;2;2;2;2;2;2;1;2;1;1
2022-05-15;1;337728;5568.23;1;10;3;110;3;7;0;2;4;1;1;2;2;2;1;1;1;1;2;2;2;2;2;2;2;2;2;2;2;2;1;2;1;1;2
2022-05-15;1;337734;4952.8;1;10;3;110;3;5;0;1;5;1;1;2;2;3;1;2;2;1;1;2;2;2;2;2;2;2;2;2;2;2;2;2;9;1;2
2022-05-15;1;337738;5748.8;1;10;3;110;3;5;0;2;5;1;1;2;2;3;2;1;1;2;2;2;2;2;2;2;2;2;1;2;2;2;2;2;1;1;2
2022-05-15;1;337739;5852.76;1;10;2;110;1;3;0;1;1;2;1;2;2;1;1;2;2;2;2;2;2;2;2;2;2;2;2;2;2;2;2;2;2;1;1
2022-05-15;1;337740;5519.21;1;10;4;110;1;3;0;1;3;2;1;2;2;2;1;2;2;2;2;2;2;2;2;2;2;2;2;2;2;2;2;2;9;1;1
2022-05-15;1;337741;8152.74;1;10;3;110;1;2;0;1;3;4;1;2;2;2;1;2;2;2;2;2;2;2;2;2;2;2;2;2;2;2;2;2;2;1;1
2022-05-15;1;337747;6240.23;1;10;3;110;3;6;0;1;5;3;1;2;2;3;1;2;2;2;2;2;2;2;2;2;2;2;2;2;2;2;2;2;4;1;2
2022-05-15;1;337748;4639.96;1;10;5;110;2;4;0;1;1;1;1;2;2;1;1;2;2;2;2;2;2;2;2;2;2;2;2;2;2;2;2;2;4;1;1
2022-05-15;1;337750;8268.63;1;10;5;110;1;3;0;1;4;4;1;2;2;2;1;1;1;2;2;2;2;2;2;2;2;2;1;2;1;2;2;2;9;1;1
2022-05-15;1;337751;4639.96;1;10;5;110;2;4;0;1;5;1;1;2;2;3;1;1;1;1;1;2;2;2;2;2;2;2;2;2;1;2;2;2;4;1;1
2022-05-15;1;337759;6039.45;1;10;4;110;3;5;0;1;2;2;1;2;2;1;1;2;2;1;2;2;2;2;2;2;2;2;2;2;2;2;2;2;2;1;2
2022-05-15;1;337760;6235.3;1;10;4;110;3;5;0;1;4;2;1;2;2;2;2;1;1;1;1;2;2;2;2;2;2;2;2;2;2;1;2;2;4;1;2
2022-05-15;1;337761;6235.3;1;10;4;110;3;7;0;1;5;2;1;2;2;3;2;1;1;2;2;2;1;2;2;2;2;2;1;2;2;1;2;2;9;1;2
2022-05-15;1;337773;4455.39;1;10;4;110;2;4;0;1;4;1;1;2;2;2;1;1;1;2;2;2;2;2;2;2;2;2;2;1;2;2;1;2;9;1;1
2022-05-15;1;337780;5667.29;1;10;3;110;1;3;0;1;6;2;1;2;2;3;1;2;2;1;2;2;2;2;2;2;2;2;2;2;2;2;2;2;9;1;1
2022-05-15;1;337782;6372.08;1;10;1;110;2;4;0;1;3;2;1;2;2;2;1;2;2;2;2;2;2;2;2;2;2;2;2;2;2;2;2;2;2;1;1
2022-05-15;1;337788;6612.12;1;10;2;110;3;5;0;1;4;2;1;2;2;2;2;1;1;2;2;2;2;2;2;2;1;2;2;2;2;2;1;2;2;1;2
2022-05-15;1;337791;7071.2;1;10;5;110;3;5;0;2;2;2;1;2;2;1;1;2;2;2;2;2;2;2;2;2;2;2;2;2;2;2;2;2;1;1;2
2022-05-15;1;337797;5578.68;1;10;4;110;2;4;0;1;6;2;1;2;2;3;1;1;1;2;2;2;2;2;1;2;2;2;1;2;2;2;2;2;9;1;1
2022-05-15;1;337798;5598.58;1;10;4;110;3;6;0;2;5;1;1;2;2;3;2;1;2;1;1;2;2;2;2;2;2;2;2;2;2;2;2;1;1;1;2
2022-05-15;1;337801;4639.96;1;10;5;110;2;4;0;1;3;1;1;2;2;2;1;2;2;2;2;2;2;2;2;2;2;2;2;2;2;2;2;2;2;1;1
2022-05-15;1;337805;4952.8;1;10;3;110;3;5;0;1;5;1;1;2;2;3;1;2;2;2;2;2;2;2;2;2;2;2;2;2;2;2;2;2;9;1;2
2022-05-15;1;337811;5023.2;1;10;5;110;3;5;0;1;3;1;1;2;2;2;1;2;2;1;1;2;2;2;2;2;2;2;2;2;2;2;2;2;9;1;2
2022-05-15;1;337817;4952.8;1;10;3;110;3;5;0;1;4;1;1;2;2;2;1;2;2;1;1;2;2;2;2;2;2;2;2;2;2;2;2;2;9;1;2
2022-05-15;1;337824;6343.53;1;10;1;110;1;3;0;1;4;3;1;2;2;2;1;2;2;2;2;2;2;2;2;2;2;2;2;2;2;2;2;2;2;1;1
2022-05-15;1;337827;5728.36;1;10;3;110;2;4;0;1;4;2;1;2;2;2;1;1;2;1;1;2;2;2;2;2;2;2;2;2;2;2;2;1;2;1;1
2022-05-15;1;337829;6612.12;1;10;2;110;3;5;0;1;3;2;1;2;2;2;2;1;1;2;2;2;2;2;2;2;2;2;1;2;2;2;2;2;2;1;2
2022-05-15;1;337834;6402.6;1;10;3;110;3;5;0;1;6;2;1;2;2;3;2;1;1;1;1;2;1;2;2;2;2;2;2;2;2;2;1;2;2;1;2
2022-05-15;1;337844;6201.5;1;10;3;110;3;5;0;1;3;2;1;2;2;2;1;2;2;2;2;2;2;2;2;2;2;2;2;2;2;2;2;2;9;1;2
2022-05-15;1;337845;5728.36;1;10;3;110;2;4;0;1;2;2;1;2;2;1;1;2;2;2;2;2;2;2;2;2;2;2;2;2;2;2;2;2;2;1;1
2022-05-15;1;337847;5852.76;1;10;2;110;1;3;0;1;3;2;1;2;2;2;1;1;1;2;2;2;2;2;2;1;2;2;2;2;2;2;2;2;2;1;1
2022-05-15;1;337849;5519.21;1;10;4;110;1;3;0;1;4;2;1;2;2;2;1;2;2;1;1;2;2;2;2;2;2;2;2;2;2;2;2;2;9;1;1
2022-05-15;1;337851;5809.78;1;10;5;110;2;4;0;1;3;2;1;2;2;2;1;2;2;2;2;2;2;2;2;2;2;2;2;2;2;2;2;2;9;1;1
2022-05-15;1;337852;4574.93;1;10;3;110;2;4;0;1;2;1;1;2;2;1;1;2;2;2;2;2;2;2;2;2;2;2;2;2;2;2;2;2;9;1;1
2022-05-15;1;337859;6493.6;1;10;5;110;3;5;0;1;6;2;1;2;2;3;2;1;2;1;1;2;2;2;1;2;2;2;2;2;2;2;2;2;9;2;2
2022-05-15;1;337860;5089.03;1;10;1;110;2;4;0;1;4;1;1;2;2;2;1;1;2;2;2;2;2;1;2;2;2;2;2;2;2;2;2;2;2;1;1
2022-05-15;1;337861;4590.5;1;10;5;110;1;3;0;1;2;1;1;2;2;1;1;2;2;2;2;2;2;2;2;2;2;2;2;2;2;2;2;2;4;1;1
2022-05-15;1;337863;5915.82;1;10;2;110;2;4;0;1;3;2;1;2;2;2;1;2;2;2;2;2;2;2;2;2;2;2;2;2;2;2;2;2;2;1;1
2022-05-15;1;337864;5553.68;1;10;4;110;1;3;0;1;2;3;1;2;2;1;1;2;2;2;2;2;2;2;2;2;2;2;2;2;2;2;2;2;4;1;1
2022-05-15;1;337866;6201.5;1;10;3;110;3;5;0;1;5;2;1;2;2;3;1;1;1;1;2;2;2;2;2;2;2;2;2;1;2;1;2;2;9;1;2
2022-05-15;1;337871;4724.64;1;10;2;110;2;4;0;1;1;1;1;2;2;1;1;2;2;2;2;2;2;2;2;2;2;2;2;2;2;2;2;2;2;1;1
2022-05-15;1;337873;6508.58;1;10;1;110;1;3;0;1;2;2;1;2;2;1;2;2;2;2;2;2;2;2;2;2;2;2;2;2;2;2;2;2;2;1;1
2022-05-15;1;337880;4723.28;1;10;3;110;2;4;0;1;1;1;1;2;2;1;2;2;2;2;2;2;2;2;2;2;2;2;2;2;2;2;2;2;4;1;1
2022-05-15;1;337887;4590.5;1;10;5;110;1;2;0;1;4;1;1;2;2;2;1;1;1;2;2;2;2;2;2;2;2;2;1;2;2;2;2;2;2;1;1
2022-05-15;1;337901;7071.2;1;10;5;110;3;5;0;2;2;2;1;2;2;1;1;2;2;1;1;2;2;2;2;2;2;2;2;2;2;2;2;2;1;1;2
2022-05-15;1;337909;5998.18;1;10;5;110;2;4;0;1;4;2;1;2;2;2;2;1;1;2;2;2;2;2;1;2;2;2;2;1;2;2;2;2;4;1;1
2022-05-15;1;337916;6201.5;1;10;3;110;3;6;0;1;4;2;1;2;2;2;1;2;2;1;1;2;2;2;2;2;2;2;2;2;2;2;2;2;9;2;2
2022-05-15;1;337917;4639.96;1;10;5;110;2;4;0;1;2;1;1;2;2;1;1;2;2;1;1;2;2;2;2;2;2;2;2;2;2;2;2;2;2;1;1
2022-05-15;1;337922;6077.18;1;10;4;110;3;5;0;1;3;3;1;2;2;2;1;2;2;2;2;2;2;2;2;2;2;2;2;2;2;2;2;2;4;1;2
2022-05-15;1;337932;6240.23;1;10;3;110;3;5;0;1;3;3;1;2;2;2;1;2;2;2;2;2;2;2;2;2;2;2;2;2;2;2;2;2;4;1;2
2022-05-15;1;337937;4674.28;1;10;2;110;1;3;0;1;2;1;1;2;2;1;1;2;2;2;2;2;2;2;2;2;2;2;2;2;2;2;2;2;4;1;1
2022-05-15;1;337943;4952.8;1;10;3;110;3;5;0;1;4;1;1;2;2;2;1;2;2;1;1;2;2;2;2;2;2;2;2;2;2;2;2;2;4;1;2
2022-05-15;1;337949;5613.52;1;10;4;110;2;4;0;1;3;3;1;2;2;2;1;1;1;1;1;2;2;2;2;2;2;2;2;1;2;2;2;2;4;1;1
2022-05-15;1;337962;5578.68;1;10;4;110;2;4;0;1;3;2;1;2;2;2;1;1;1;2;2;2;2;2;2;2;2;2;2;2;1;2;2;2;4;1;1
2022-05-15;1;337968;6080.29;1;10;2;110;1;3;0;1;5;3;1;2;2;3;2;1;1;1;1;2;2;2;2;2;1;2;2;2;2;1;2;2;4;1;1
2022-05-15;1;337981;5809.78;1;10;5;110;2;4;0;1;3;2;1;2;2;2;1;1;2;2;2;2;2;2;1;2;2;2;2;2;2;2;2;2;2;1;1
2022-05-15;1;337983;6612.12;1;10;2;110;3;5;0;1;2;2;1;2;2;1;2;1;2;2;2;2;2;1;2;2;2;2;2;2;2;2;2;2;2;1;2
2022-05-15;1;337989;6832.33;1;10;4;110;3;5;0;2;2;3;1;2;2;1;1;2;2;2;2;2;2;2;2;2;2;2;2;2;2;2;2;2;1;1;2
2022-05-15;1;337990;5255.1;1;10;2;110;1;3;0;2;3;1;1;2;2;2;1;1;1;2;2;2;2;2;2;1;2;2;2;2;2;2;2;2;1;1;1
2022-05-15;1;337995;5647.38;1;10;5;110;3;5;0;2;3;1;1;2;2;2;1;2;2;1;1;2;2;2;2;2;2;2;2;2;2;2;2;2;1;1;2
2022-05-15;1;337998;5809.78;1;10;5;110;2;4;0;1;5;2;1;2;2;3;1;1;1;1;1;2;2;2;2;2;2;2;2;2;1;2;2;2;2;1;1
2022-05-15;1;337999;5034.78;1;10;1;110;1;2;0;1;1;1;1;2;2;1;1;2;2;2;2;2;2;2;2;2;2;2;2;2;2;2;2;2;2;1;1
2022-05-15;1;338002;4877.85;1;10;2;110;2;4;0;1;1;1;1;2;2;1;2;2;2;2;2;2;2;2;2;2;2;2;2;2;2;2;2;2;4;1;1
2022-05-15;1;338013;5846.07;1;10;5;110;2;4;0;1;4;3;1;2;2;2;1;1;1;1;1;2;2;2;2;2;2;2;2;2;2;1;2;2;4;1;1
2022-05-15;1;338020;4955.62;1;10;4;110;1;3;0;2;2;1;1;2;2;1;1;2;2;2;2;2;2;2;2;2;2;2;2;2;2;2;2;2;1;1;1
2022-05-15;1;338027;5846.07;1;10;5;110;2;4;0;1;3;3;1;2;2;2;1;2;2;1;1;2;2;2;2;2;2;2;2;2;2;2;2;2;2;1;1
2022-05-15;1;338041;5034.78;1;10;1;110;1;3;0;1;1;1;1;2;2;1;1;2;2;2;2;2;2;2;2;2;2;2;2;2;2;2;2;2;2;1;1
2022-05-15;1;338042;5034.78;1;10;1;110;1;3;0;1;4;1;1;2;2;2;1;1;1;2;2;2;2;2;2;2;2;2;2;2;1;2;1;2;4;1;1
2022-05-15;1;338053;5667.29;1;10;3;110;1;3;0;1;2;2;1;2;2;1;1;2;2;2;2;2;2;2;2;2;2;2;2;2;2;2;2;2;2;1;1
2022-05-15;1;338054;6578.71;1;10;1;110;2;4;0;1;1;2;1;2;2;1;2;2;2;2;2;2;2;2;2;2;2;2;2;2;2;2;2;2;2;1;1
2022-05-15;1;338060;4823.38;1;10;4;110;3;5;0;1;2;1;1;2;2;1;1;2;2;2;2;2;2;2;2;2;2;2;2;2;2;2;2;2;4;1;2
2022-05-15;1;338068;5113.41;1;10;3;110;3;5;0;1;4;1;1;2;2;2;2;1;1;1;2;2;2;2;2;2;2;1;2;2;2;1;2;2;4;1;2
2022-05-15;1;338077;5934.24;1;10;5;110;1;3;0;1;2;2;1;2;2;1;2;2;2;2;2;2;2;2;2;2;2;2;2;2;2;2;2;2;2;1;1
2022-05-15;1;338085;5216.52;1;10;5;110;2;4;0;2;2;1;1;2;2;1;1;2;2;2;2;2;2;2;2;2;2;2;2;2;2;2;2;2;1;1;1
2022-05-15;1;338090;6039.45;1;10;4;110;3;5;0;1;2;2;1;2;2;1;1;2;2;2;2;2;2;2;2;2;2;2;2;2;2;2;2;2;4;1;2
2022-05-15;1;338091;5702.69;1;10;3;110;1;3;0;1;4;3;1;2;2;2;1;2;2;2;2;2;2;2;2;2;2;2;2;2;2;2;2;2;2;1;1
2022-05-15;1;338099;6972.09;1;10;3;110;3;5;0;2;4;2;1;2;2;2;1;1;1;1;2;2;2;2;2;1;2;2;2;2;2;2;2;2;1;1;2
2022-05-15;1;338100;5889.31;1;10;2;110;1;2;0;1;3;3;1;2;2;2;1;2;2;2;2;2;2;2;2;2;2;2;2;2;2;2;2;2;2;1;1
2022-05-15;1;338103;5509.37;1;10;1;110;3;5;0;1;3;1;1;2;2;2;1;2;2;2;2;2;2;2;2;2;2;2;2;2;2;2;2;2;2;1;2
2022-05-15;1;338112;5852.76;1;10;2;110;1;3;0;1;4;2;1;2;2;2;1;1;1;2;2;2;2;2;2;1;2;2;2;2;2;2;1;2;4;1;1
2022-05-15;1;338113;7166.57;1;10;1;110;3;6;0;1;5;3;1;2;2;3;2;1;1;1;2;2;2;2;2;2;2;2;2;2;2;2;1;2;4;1;2
2022-05-15;1;338114;4590.5;1;10;5;110;1;3;0;1;4;1;1;2;2;2;1;1;2;1;1;2;2;2;2;2;2;2;2;2;2;2;2;1;9;1;1
2022-05-15;1;338119;7087.51;1;10;1;110;1;3;0;2;1;2;1;2;2;1;1;2;2;2;2;2;2;2;2;2;2;2;2;2;2;2;2;2;1;1;1
2022-05-15;1;338127;8419.54;1;10;2;110;1;2;0;1;4;4;1;2;2;2;1;2;2;2;2;2;2;2;2;2;2;2;2;2;2;2;2;2;4;1;1
2022-05-15;1;338128;5852.76;1;10;2;110;1;3;0;1;4;2;1;2;2;2;1;1;1;1;1;2;2;2;2;2;2;2;2;2;1;2;2;2;2;1;1
2022-05-15;1;338135;6289.65;1;10;5;110;3;5;0;1;5;2;1;2;2;3;1;2;2;1;1;2;2;2;2;2;2;2;2;2;2;2;2;2;2;1;2
2022-05-15;1;338136;6039.45;1;10;4;110;3;5;0;1;5;2;1;2;2;3;1;1;1;2;2;2;2;2;1;2;2;2;2;2;2;2;1;2;4;1;2
2022-05-15;1;338137;5783.75;1;10;5;110;1;2;0;1;2;3;1;2;2;1;1;2;2;2;2;2;2;2;2;2;2;2;2;2;2;2;2;2;4;1;1
2022-05-15;1;338142;4455.39;1;10;4;110;2;4;0;1;1;1;1;2;2;1;1;2;2;2;2;2;2;2;2;2;2;2;2;2;2;2;2;2;4;1;1
2022-05-15;1;338148;5915.82;1;10;2;110;2;4;0;1;5;2;1;2;2;3;1;1;2;1;1;2;2;1;2;2;2;2;2;2;2;2;2;2;4;1;1
2022-05-15;1;338153;5509.37;1;10;1;110;3;5;0;1;1;1;1;2;2;1;1;2;2;2;2;2;2;2;2;2;2;2;2;2;2;2;2;2;2;1;2
2022-05-15;1;338154;4952.8;1;10;3;110;3;5;0;1;4;1;1;2;2;2;1;1;1;2;2;2;2;2;2;1;2;2;2;2;2;2;2;2;4;1;2
2022-05-15;1;338155;6343.53;1;10;1;110;1;2;0;1;3;3;1;2;2;2;1;2;2;2;2;2;2;2;2;2;2;2;2;2;2;2;2;2;2;1;1
2022-05-15;1;338156;6372.08;1;10;1;110;2;4;0;1;2;2;1;2;2;1;1;2;2;2;2;2;2;2;2;2;2;2;2;2;2;2;2;2;4;1;1
2022-05-15;1;338158;5809.78;1;10;5;110;2;4;0;1;5;2;1;2;2;3;1;2;2;1;1;2;2;2;2;2;2;2;2;2;2;2;2;2;2;1;1
2022-05-15;1;338165;7071.2;1;10;5;110;3;5;0;2;2;2;1;2;2;1;1;2;2;2;2;2;2;2;2;2;2;2;2;2;2;2;2;2;1;1;2
2022-05-15;1;338168;6493.6;1;10;5;110;3;5;0;1;3;2;1;2;2;2;2;1;1;2;2;2;2;2;2;2;2;1;2;2;2;2;2;2;4;1;2
2022-05-15;1;338169;5422.74;1;10;4;110;3;5;0;2;2;1;1;2;2;1;1;2;2;2;2;2;2;2;2;2;2;2;2;2;2;2;2;2;1;1;2
2022-05-15;1;338170;6372.08;1;10;1;110;2;4;0;1;1;2;1;2;2;1;1;2;2;2;2;2;2;2;2;2;2;2;2;2;2;2;2;2;2;1;1
2022-05-15;1;338171;5034.78;1;10;1;110;1;3;0;1;3;1;1;2;2;2;1;2;2;1;1;2;2;2;2;2;2;2;2;2;2;2;2;2;2;1;1
2022-05-15;1;338173;6372.08;1;10;1;110;2;4;0;1;2;2;1;2;2;1;1;2;2;2;2;2;2;2;2;2;2;2;2;2;2;2;2;2;4;1;1
2022-05-15;1;338178;5254.06;1;10;1;110;2;4;0;1;5;1;1;2;2;3;2;1;1;2;1;2;2;2;2;2;2;2;1;1;2;2;2;1;2;1;1
2022-05-15;1;338179;5089.03;1;10;1;110;2;4;0;1;2;1;1;2;2;1;1;2;2;1;2;2;2;2;2;2;2;2;2;2;2;2;2;2;2;1;1
2022-05-15;1;338187;4599.86;1;10;4;110;2;4;0;1;5;1;1;2;2;3;2;1;1;1;1;2;2;1;2;2;2;2;2;2;2;1;2;2;4;1;1
2022-05-15;1;338197;9068.9;1;10;1;110;1;2;0;1;2;4;1;2;2;1;1;2;2;2;2;2;2;2;2;2;2;2;2;2;2;2;2;2;2;1;1
2022-05-15;1;338200;4574.93;1;10;3;110;2;4;0;1;6;1;1;2;2;3;1;1;1;2;2;2;2;2;2;1;2;2;2;1;2;1;2;2;2;1;1
2022-05-15;1;338210;5728.36;1;10;3;110;2;4;0;1;1;2;1;2;2;1;1;2;2;2;2;2;2;2;2;2;2;2;2;2;2;2;2;2;2;1;1
2022-05-15;1;338228;6372.08;1;10;1;110;2;4;0;1;1;2;1;2;2;1;1;2;2;2;2;2;2;2;2;2;2;2;2;2;2;2;2;2;2;1;1
2022-05-15;1;338229;5198.05;1;10;1;110;1;3;0;1;2;1;1;2;2;1;2;2;2;2;2;2;2;2;2;2;2;2;2;2;2;2;2;2;2;1;1
2022-05-15;1;338233;6508.58;1;10;1;110;1;3;0;1;1;2;1;2;2;1;2;2;2;2;2;2;2;2;2;2;2;2;2;2;2;2;2;2;2;1;1
2022-05-15;1;338240;5422.74;1;10;4;110;3;5;0;2;4;1;1;2;2;2;1;1;1;2;2;2;2;2;2;2;2;2;2;2;1;2;1;2;1;1;2
2022-05-15;1;338246;4952.8;1;10;3;110;3;5;0;1;1;1;1;2;2;1;1;2;2;2;2;2;2;2;2;2;2;2;2;2;2;2;2;2;9;1;2
2022-05-15;1;338253;4979.79;1;10;4;110;3;7;0;1;3;1;1;2;2;2;2;1;2;2;2;2;1;2;2;2;2;2;2;2;2;2;2;2;9;1;2
2022-05-15;1;338256;6039.45;1;10;4;110;3;7;0;1;2;2;1;2;2;1;1;2;2;2;2;2;2;2;2;2;2;2;2;2;2;2;2;2;2;1;2
2022-05-15;1;338260;5578.68;1;10;4;110;2;4;0;1;5;2;1;2;2;3;1;1;1;1;1;2;2;2;2;2;2;2;2;2;2;1;2;2;4;1;1
2022-05-15;1;338261;5023.2;1;10;5;110;3;5;0;1;2;1;1;2;2;1;1;2;2;2;2;2;2;2;2;2;2;2;2;2;2;2;2;2;4;1;2
2022-05-15;1;338263;5113.41;1;10;3;110;3;5;0;1;4;1;1;2;2;2;2;1;1;2;2;2;2;2;2;1;2;2;2;2;2;1;2;2;9;1;2
2022-05-15;1;338268;6372.08;1;10;1;110;2;4;0;1;4;2;1;2;2;2;1;1;2;1;1;2;2;2;2;2;2;2;2;2;2;2;2;1;4;1;1
2022-05-15;1;338277;4952.8;1;10;3;110;3;5;0;1;4;1;1;2;2;2;1;2;2;2;2;2;2;2;2;2;2;2;2;2;2;2;2;2;9;1;2
2022-05-15;1;338286;5667.29;1;10;3;110;1;2;0;1;5;2;1;2;2;3;1;2;2;1;1;2;2;2;2;2;2;2;2;2;2;2;2;2;2;1;1
2022-05-15;1;338287;7200.26;1;10;2;110;3;5;0;2;5;2;1;2;2;3;1;2;2;2;2;2;2;2;2;2;2;2;2;2;2;2;2;2;1;1;2
2022-05-15;1;338297;6402.6;1;10;3;110;3;5;0;1;4;2;1;2;2;2;2;1;1;2;2;2;2;2;2;2;2;1;2;2;2;2;1;2;9;1;2
2022-05-15;1;338304;5519.21;1;10;4;110;1;2;0;1;3;2;1;2;2;2;1;2;2;2;2;2;2;2;2;2;2;2;2;2;2;2;2;2;4;1;1
2022-05-15;1;338312;5113.41;1;10;3;110;3;6;0;1;7;1;1;2;2;3;2;1;1;1;1;2;1;1;2;2;2;2;1;2;2;2;2;1;9;1;2
2022-05-15;1;338314;5846.07;1;10;5;110;2;4;0;1;4;3;1;2;2;2;1;1;2;2;2;2;2;2;1;2;2;2;2;2;2;2;2;2;4;1;1
2022-05-15;1;338315;4823.38;1;10;4;110;3;5;0;1;3;1;1;2;2;2;1;2;2;2;2;2;2;2;2;2;2;2;2;2;2;2;2;2;2;1;2
2022-05-15;1;338325;4952.8;1;10;3;110;3;6;0;1;5;1;1;2;2;3;1;1;1;1;1;2;2;2;2;2;2;2;1;2;2;2;1;2;9;1;2
2022-05-15;1;338337;5186.09;1;10;5;110;3;5;0;1;1;1;1;2;2;1;2;2;2;2;2;2;2;2;2;2;2;2;2;2;2;2;2;2;2;1;2
2022-05-15;1;338352;4590.5;1;10;5;110;1;3;0;1;1;1;1;2;2;1;1;2;2;2;2;2;2;2;2;2;2;2;2;2;2;2;2;2;2;1;1
2022-05-15;1;338354;6372.08;1;10;1;110;2;4;0;1;5;2;1;2;2;3;1;1;1;1;1;2;2;2;2;2;2;2;2;2;2;2;1;2;2;1;1
2022-05-15;1;338355;5846.07;1;10;5;110;2;4;0;1;3;3;1;2;2;2;1;2;2;1;1;2;2;2;2;2;2;2;2;2;2;2;2;2;4;1;1
2022-05-15;1;338360;5759.58;1;10;4;110;2;4;0;1;2;2;1;2;2;1;2;2;2;2;2;2;2;2;2;2;2;2;2;2;2;2;2;2;4;1;1
2022-05-15;1;338365;4407.89;1;10;4;110;1;3;0;1;2;1;1;2;2;1;1;2;2;2;2;2;2;2;2;2;2;2;2;2;2;2;2;2;4;1;1
2022-05-15;1;338368;6035.65;1;10;5;110;2;4;0;1;4;3;1;2;2;2;2;1;1;2;2;2;2;2;2;2;2;2;2;1;2;2;1;2;9;1;1
2022-05-15;1;338370;5009.01;1;10;4;110;2;4;0;2;3;1;1;2;2;2;1;1;1;2;2;2;2;2;2;2;2;2;2;1;2;2;2;2;1;1;1
2022-05-15;1;338388;5809.78;1;10;5;110;2;4;0;1;5;2;1;2;2;3;1;2;2;1;1;2;2;2;2;2;2;2;2;2;2;2;2;2;4;1;1
2022-05-15;1;338394;4952.8;1;10;3;110;3;5;0;1;3;1;1;2;2;2;1;2;2;1;1;2;2;2;2;2;2;2;2;2;2;2;2;2;4;1;2
2022-05-15;1;338403;6789.91;1;10;4;110;3;5;0;2;2;2;1;2;2;1;1;2;2;2;2;2;2;2;2;2;2;2;2;2;2;2;2;2;1;1;2
2022-05-15;1;338404;6289.65;1;10;5;110;3;5;0;1;4;2;1;2;2;2;1;1;2;1;1;2;2;2;1;2;2;2;2;2;2;2;2;2;4;1;2
2022-05-15;1;338406;6039.45;1;10;4;110;3;5;0;1;3;2;1;2;2;2;1;2;2;1;1;2;2;2;2;2;2;2;2;2;2;2;2;2;9;1;2
2022-05-15;1;338419;5578.68;1;10;4;110;2;4;0;1;4;2;1;2;2;2;1;2;2;1;1;2;2;2;2;2;2;2;2;2;2;2;2;2;4;1;1
2022-05-15;1;338439;6572.5;1;10;5;110;2;4;0;2;2;3;1;2;2;1;1;2;2;2;2;2;2;2;2;2;2;2;2;2;2;2;2;2;1;1;1
2022-05-15;1;338453;5783.75;1;10;5;110;1;3;0;1;2;3;1;2;2;1;1;2;2;2;2;2;2;2;2;2;2;2;2;2;2;2;2;2;9;1;1
2022-05-15;1;338465;5698.18;1;10;4;110;1;2;0;1;1;2;1;2;2;1;2;2;2;2;2;2;2;2;2;2;2;2;2;2;2;2;2;2;2;1;1
2022-05-15;1;338467;4590.5;1;10;5;110;1;3;0;1;1;1;1;2;2;1;1;2;2;2;2;2;2;2;2;2;2;2;2;2;2;2;2;2;2;1;1
2022-05-15;1;338471;5422.74;1;10;4;110;3;5;0;2;3;1;1;2;2;2;1;2;2;1;2;2;2;2;2;2;2;2;2;2;2;2;2;2;1;1;2
2022-05-15;1;338478;5702.69;1;10;3;110;1;3;0;1;4;3;1;2;2;2;1;2;2;2;2;2;2;2;2;2;2;2;2;2;2;2;2;2;4;1;1
2022-05-15;1;338488;6039.45;1;10;4;110;3;5;0;1;3;2;1;2;2;2;1;2;2;2;2;2;2;2;2;2;2;2;2;2;2;2;2;2;9;1;2
2022-05-15;1;338490;8268.63;1;10;5;110;1;2;0;1;3;4;1;2;2;2;1;2;2;2;2;2;2;2;2;2;2;2;2;2;2;2;2;2;2;1;1
2022-05-15;1;338498;6240.23;1;10;3;110;3;5;0;1;1;3;1;2;2;1;1;2;2;2;2;2;2;2;2;2;2;2;2;2;2;2;2;2;2;1;2
2022-05-15;1;338510;5509.37;1;10;1;110;3;5;0;1;1;1;1;2;2;1;1;2;2;2;2;2;2;2;2;2;2;2;2;2;2;2;2;2;2;1;2
2022-05-15;1;338518;4823.38;1;10;4;110;3;6;0;1;2;1;1;2;2;1;1;2;2;2;2;2;2;2;2;2;2;2;2;2;2;2;2;2;4;1;2
2022-05-15;1;338526;5667.29;1;10;3;110;1;3;0;1;5;2;1;2;2;3;1;1;1;1;1;2;2;2;2;2;2;2;2;2;2;1;2;2;9;2;1
2022-05-15;1;338536;5578.68;1;10;4;110;2;4;0;1;5;2;1;2;2;3;1;1;2;2;2;2;2;1;2;2;2;2;2;2;2;2;2;2;4;1;1
2022-05-15;1;338544;6941.47;1;10;1;110;3;5;0;1;3;3;1;2;2;2;1;2;2;2;2;2;2;2;2;2;2;2;2;2;2;2;2;2;2;1;2
2022-05-15;1;338555;4672.93;1;10;3;110;1;3;0;1;2;1;1;2;2;1;2;2;2;2;2;2;2;2;2;2;2;2;2;2;2;2;2;2;9;1;1
2022-05-15;1;338556;4739.35;1;10;5;110;1;3;0;1;2;1;1;2;2;1;2;2;2;2;2;2;2;2;2;2;2;2;2;2;2;2;2;2;4;1;1
2022-05-15;1;338557;5952.77;1;10;2;110;2;4;0;1;5;3;1;2;2;3;1;1;1;2;2;2;2;2;1;2;2;2;2;2;2;2;1;2;4;1;1
2022-05-15;1;338565;5647.38;1;10;5;110;3;5;0;2;2;1;1;2;2;1;1;2;2;2;2;2;2;2;2;2;2;2;2;2;2;2;2;2;1;1;2
2022-05-15;1;338572;5952.77;1;10;2;110;2;4;0;1;4;3;1;2;2;2;1;2;2;2;2;2;2;2;2;2;2;2;2;2;2;2;2;2;2;1;1
2022-05-15;1;338579;5422.74;1;10;4;110;3;5;0;2;3;1;1;2;2;2;1;2;2;2;2;2;2;2;2;2;2;2;2;2;2;2;2;2;1;1;2
2022-05-15;1;338582;5023.2;1;10;5;110;3;5;0;1;4;1;1;2;2;2;1;2;2;1;1;2;2;2;2;2;2;2;2;2;2;2;2;2;2;1;2
2022-05-15;1;338583;6411.88;1;10;1;110;2;4;0;1;2;3;1;2;2;1;1;2;2;2;2;2;2;2;2;2;2;2;2;2;2;2;2;2;2;1;1
2022-05-15;1;338593;7300.5;1;10;5;110;3;5;0;2;4;2;1;2;2;2;2;1;1;2;2;2;2;2;2;2;2;1;2;2;1;2;2;2;1;1;2
2022-05-15;1;338595;6035.65;1;10;5;110;2;4;0;1;4;3;1;2;2;2;2;2;2;1;1;2;2;2;2;2;2;2;2;2;2;2;2;2;2;1;1
2022-05-15;1;338608;5023.2;1;10;5;110;3;6;0;1;3;1;1;2;2;2;1;1;1;2;2;2;2;2;2;2;2;2;2;2;1;2;2;2;2;1;2
2022-05-15;1;338616;5385.68;1;10;5;110;2;4;0;2;3;1;1;2;2;2;2;1;1;2;2;2;2;2;2;2;1;2;2;2;2;2;1;2;1;1;1
2022-05-15;1;338617;5519.21;1;10;4;110;1;3;0;1;5;2;1;2;2;3;1;1;1;1;1;2;2;2;2;2;2;2;2;2;2;2;1;2;4;1;1
2022-05-15;1;338626;9463.87;1;10;1;110;2;4;0;1;5;4;1;2;2;3;2;1;1;1;1;2;2;2;2;2;2;2;2;2;2;2;1;2;2;1;1
2022-05-15;1;338629;5023.2;1;10;5;110;3;5;0;1;2;1;1;2;2;1;1;2;2;2;2;2;2;2;2;2;2;2;2;2;2;2;2;2;9;1;2
2022-05-15;1;338634;6789.91;1;10;4;110;3;6;0;2;5;2;1;2;2;3;1;2;2;1;1;2;2;2;2;2;2;2;2;2;2;2;2;2;1;1;2
2022-05-15;1;338637;6402.6;1;10;3;110;3;7;0;1;5;2;1;2;2;3;2;1;1;2;1;2;2;2;2;2;1;2;2;2;2;2;2;1;9;1;2
2022-05-15;1;338644;5568.23;1;10;3;110;3;5;0;2;2;1;1;2;2;1;1;2;2;2;2;2;2;2;2;2;2;2;2;2;2;2;2;2;1;1;2
2022-05-15;1;338646;4823.38;1;10;4;110;3;5;0;1;4;1;1;2;2;2;1;1;1;2;2;1;2;2;2;2;2;2;2;2;1;2;2;2;2;1;2
2022-05-15;1;338647;4590.5;1;10;5;110;1;3;0;1;1;1;1;2;2;1;1;2;2;2;2;2;2;2;2;2;2;2;2;2;2;2;2;2;4;1;1
2022-05-15;1;338652;6372.08;1;10;1;110;2;4;0;1;3;2;1;2;2;2;1;1;1;2;2;2;2;2;2;2;2;2;2;2;2;1;2;2;2;1;1
2022-05-15;1;338658;9068.9;1;10;1;110;1;3;0;1;2;4;1;2;2;1;1;2;2;2;2;2;2;2;2;2;2;2;2;2;2;2;2;2;4;1;1
2022-05-15;1;338663;6328.93;1;10;5;110;3;5;0;1;3;3;1;2;2;2;1;2;2;2;2;2;2;2;2;2;2;2;2;2;2;2;2;2;4;1;2
2022-05-15;1;338666;5009.01;1;10;4;110;2;4;0;2;3;1;1;2;2;2;1;2;2;2;2;2;2;2;2;2;2;2;2;2;2;2;2;2;1;1;1
2022-05-15;1;338673;5034.78;1;10;1;110;1;3;0;1;1;1;1;2;2;1;1;2;2;2;2;2;2;2;2;2;2;2;2;2;2;2;2;2;2;1;1
2022-05-15;1;338675;5509.37;1;10;1;110;3;5;0;1;2;1;1;2;2;1;1;2;2;2;2;2;2;2;2;2;2;2;2;2;2;2;2;2;2;1;2
2022-05-15;1;338677;7071.2;1;10;5;110;3;6;0;2;6;2;1;2;2;3;1;1;1;2;2;2;2;2;2;2;1;2;2;2;1;2;2;2;1;1;2
2022-05-15;1;338678;6039.45;1;10;4;110;3;5;0;1;5;2;1;2;2;3;1;1;2;2;2;2;2;1;2;2;2;2;2;2;2;2;2;2;9;1;2
2022-05-15;1;338679;6201.5;1;10;3;110;3;5;0;1;2;2;1;2;2;1;1;2;2;2;2;2;2;2;2;2;2;2;2;2;2;2;2;2;2;1;2
2022-05-15;1;338680;5809.78;1;10;5;110;2;4;0;1;4;2;1;2;2;2;1;2;2;2;2;2;2;2;2;2;2;2;2;2;2;2;2;2;9;1;1
2022-05-15;1;338687;5728.36;1;10;3;110;2;4;0;1;4;2;1;2;2;2;1;1;1;1;1;2;2;2;2;2;2;2;2;2;1;2;2;2;2;1;1
2022-05-15;1;338688;5034.78;1;10;1;110;1;3;0;1;1;1;1;2;2;1;1;2;2;2;2;2;2;2;2;2;2;2;2;2;2;2;2;2;2;1;1
2022-05-15;1;338691;5952.77;1;10;2;110;2;4;0;1;4;3;1;2;2;2;1;2;2;1;1;2;2;2;2;2;2;2;2;2;2;2;2;2;2;1;1
2022-05-15;1;338693;5023.2;1;10;5;110;3;5;0;1;3;1;1;2;2;2;1;2;2;1;2;2;2;2;2;2;2;2;2;2;2;2;2;2;2;1;2
2022-05-15;1;338704;6039.45;1;10;4;110;3;5;0;1;5;2;1;2;2;3;1;1;2;1;1;2;2;2;2;2;2;2;2;2;2;2;2;1;9;1;2
2022-05-15;1;338710;5034.78;1;10;1;110;1;3;0;1;3;1;1;2;2;2;1;2;2;1;2;2;2;2;2;2;2;2;2;2;2;2;2;2;2;1;1
2022-05-15;1;338711;4455.39;1;10;4;110;2;4;0;1;1;1;1;2;2;1;1;2;2;2;2;2;2;2;2;2;2;2;2;2;2;2;2;2;2;1;1
2022-05-15;1;338719;6289.65;1;10;5;110;3;5;0;1;5;2;1;2;2;3;1;1;1;2;2;2;2;2;2;1;2;2;2;2;1;2;2;2;9;1;2
2022-05-15;1;338728;4952.8;1;10;3;110;3;5;0;1;4;1;1;2;2;2;1;1;1;1;2;2;2;2;2;2;2;1;2;2;2;2;2;2;9;1;2
2022-05-15;1;338730;6898.39;1;10;1;110;3;5;0;1;1;2;1;2;2;1;1;2;2;2;2;2;2;2;2;2;2;2;2;2;2;2;2;2;2;1;2
2022-05-15;1;338732;6039.45;1;10;4;110;3;5;0;1;3;2;1;2;2;2;1;2;2;2;2;2;2;2;2;2;2;2;2;2;2;2;2;2;4;1;2
2022-05-15;1;338733;6493.6;1;10;5;110;3;6;0;1;4;2;1;2;2;2;2;1;1;1;1;2;2;2;2;2;2;2;2;2;1;2;2;2;9;1;2
2022-05-15;1;338746;6304.15;1;10;1;110;1;3;0;1;2;2;1;2;2;1;1;2;2;2;2;2;2;2;2;2;2;2;2;2;2;2;2;2;2;1;1
2022-05-15;1;338748;5509.37;1;10;1;110;3;5;0;1;1;1;1;2;2;1;1;2;2;2;2;2;2;2;2;2;2;2;2;2;2;2;2;2;2;1;2
2022-05-15;1;338763;6404.44;1;10;2;110;3;6;0;1;5;2;1;2;2;3;1;1;1;2;2;2;2;2;2;2;2;1;2;2;2;1;1;2;2;1;2
2022-05-15;1;338766;5598.58;1;10;4;110;3;5;0;2;3;1;1;2;2;2;2;1;1;2;2;2;2;2;2;2;1;2;2;2;2;2;2;2;1;1;2
2022-05-15;1;338789;4877.85;1;10;2;110;2;4;0;1;1;1;1;2;2;1;2;2;2;2;2;2;2;2;2;2;2;2;2;2;2;2;2;2;2;1;1
2022-05-15;1;338803;6328.93;1;10;5;110;3;5;0;1;4;3;1;2;2;2;1;1;1;1;1;2;2;2;2;2;2;2;2;2;2;1;2;2;2;1;2
